rebalance_date,vectorbt_targets,rqalpha_targets,target_match,rqalpha_end_of_day_positions,rqalpha_trades
2013-07-01,511010.SS:1.00,511010.SS:1.00,True,511010.SS,511010.SS:BUY
2013-08-01,511010.SS:1.00,511010.SS:1.00,True,511010.SS,
2013-09-02,510300.SS:1.00,510300.SS:1.00,True,,511010.SS:SELL
2013-10-08,510300.SS:1.00,510300.SS:1.00,True,,
2013-11-01,510300.SS:1.00,510300.SS:1.00,True,,
2013-12-02,510300.SS:0.50;159920.SZ:0.50,159920.SZ:0.50;510300.SS:0.50,True,159920.SZ,159920.SZ:BUY
2014-01-02,510300.SS:0.50;159920.SZ:0.50,510300.SS:0.50;159920.SZ:0.50,True,159920.SZ;510300.SS,510300.SS:BUY;159920.SZ:BUY
2014-02-07,511010.SS:1.00,511010.SS:1.00,True,159920.SZ;511010.SS,510300.SS:SELL;159920.SZ:SELL;511010.SS:BUY
2014-03-03,511010.SS:1.00,511010.SS:1.00,True,159920.SZ;511010.SS,159920.SZ:SELL;511010.SS:BUY
2014-04-01,511010.SS:1.00,159920.SZ:1.00,False,159920.SZ,511010.SS:SELL;159920.SZ:BUY
2014-05-05,510500.SS:0.50;159920.SZ:0.50,510500.SS:0.50;159920.SZ:0.50,True,159920.SZ;510500.SS,510500.SS:BUY;159920.SZ:BUY
2014-06-03,510500.SS:0.50;513100.SS:0.50,513100.SS:0.50;159920.SZ:0.50,False,159920.SZ;513100.SS,510500.SS:SELL;513100.SS:BUY;159920.SZ:BUY
2014-07-01,513100.SS:0.50;159920.SZ:0.50,513100.SS:0.50;159920.SZ:0.50,True,159920.SZ;513100.SS,513100.SS:BUY;159920.SZ:BUY
2014-08-01,510500.SS:0.50;513100.SS:0.50,513100.SS:0.50;510500.SS:0.50,True,159920.SZ;513100.SS,159920.SZ:SELL;513100.SS:BUY
2014-09-01,510500.SS:0.50;513100.SS:0.50,513100.SS:0.50;510500.SS:0.50,True,159920.SZ;513100.SS,159920.SZ:SELL;513100.SS:SELL
2014-10-08,510500.SS:0.50;513100.SS:0.50,510500.SS:0.50;513100.SS:0.50,True,510500.SS;513100.SS,159920.SZ:SELL;510500.SS:BUY;513100.SS:BUY
2014-11-03,510500.SS:0.50;513100.SS:0.50,510500.SS:0.50;513100.SS:0.50,True,510500.SS;513100.SS,510500.SS:BUY;513100.SS:SELL
2014-12-01,510500.SS:0.50;513100.SS:0.50,510500.SS:0.50;513100.SS:0.50,True,510500.SS;513100.SS,510500.SS:BUY;513100.SS:BUY
2015-01-05,510300.SS:0.50;510500.SS:0.50,510300.SS:0.50;510500.SS:0.50,True,510500.SS,513100.SS:SELL;510500.SS:SELL
2015-02-02,510300.SS:0.50;510500.SS:0.50,510300.SS:0.50;510500.SS:0.50,True,510500.SS,510500.SS:SELL
2015-03-02,510300.SS:0.50;510500.SS:0.50,510300.SS:0.50;510500.SS:0.50,True,510500.SS,510500.SS:SELL
2015-04-01,510300.SS:0.50;510500.SS:0.50,510300.SS:0.50;510500.SS:0.50,True,510300.SS;510500.SS,510300.SS:BUY;510500.SS:SELL
2015-05-04,510300.SS:0.50;510500.SS:0.50,510300.SS:0.50;510500.SS:0.50,True,510300.SS;510500.SS,510300.SS:BUY
2015-06-01,510300.SS:0.50;510500.SS:0.50,510500.SS:0.50;510300.SS:0.50,True,510300.SS;510500.SS,510500.SS:SELL;510300.SS:BUY
2015-07-01,510300.SS:0.50;510500.SS:0.50,510500.SS:0.50;510300.SS:0.50,True,510300.SS;510500.SS,510300.SS:SELL
2015-08-03,510300.SS:0.50;510500.SS:0.50,510500.SS:0.50;510300.SS:0.50,True,510300.SS;510500.SS,510500.SS:BUY;510300.SS:SELL
2015-09-01,510300.SS:0.50;510500.SS:0.50,510300.SS:0.50;510500.SS:0.50,True,510300.SS;510500.SS,510300.SS:SELL;510500.SS:BUY
2015-10-08,510300.SS:0.50;510500.SS:0.50,510300.SS:0.50;510500.SS:0.50,True,510300.SS;510500.SS,510300.SS:BUY;510500.SS:SELL
2015-11-02,510300.SS:0.50;510500.SS:0.50,510500.SS:0.50;510300.SS:0.50,True,510300.SS;510500.SS,510500.SS:SELL;510300.SS:BUY
2015-12-01,510300.SS:0.50;510500.SS:0.50,510500.SS:0.50;510300.SS:0.50,True,510300.SS;510500.SS,510500.SS:SELL;510300.SS:BUY
2016-01-04,510500.SS:0.50;513100.SS:0.50,510500.SS:0.50;513100.SS:0.50,True,510500.SS,510300.SS:SELL;510500.SS:BUY
2016-02-01,510500.SS:0.50;513100.SS:0.50,513100.SS:0.50;513500.SS:0.50,False,513100.SS;513500.SS,510500.SS:SELL;513100.SS:BUY;513500.SS:BUY
2016-03-01,513500.SS:0.50;513100.SS:0.50,518880.SS:0.50;513100.SS:0.50,False,513100.SS;518880.SS,513500.SS:SELL;518880.SS:BUY;513100.SS:BUY
2016-04-01,513100.SS:0.50;518880.SS:0.50,518880.SS:0.50;513100.SS:0.50,True,513100.SS;518880.SS,518880.SS:BUY;513100.SS:SELL
2016-05-03,513500.SS:0.50;518880.SS:0.50,518880.SS:0.50;513500.SS:0.50,True,513500.SS;518880.SS,513100.SS:SELL;518880.SS:BUY;513500.SS:BUY
2016-06-01,513500.SS:0.50;513100.SS:0.50,513500.SS:0.50;513100.SS:0.50,True,513100.SS;513500.SS,518880.SS:SELL;513500.SS:BUY;513100.SS:BUY
2016-07-01,513500.SS:0.50;518880.SS:0.50,518880.SS:0.50;513500.SS:0.50,True,513500.SS;518880.SS,513100.SS:SELL;518880.SS:BUY;513500.SS:BUY
2016-08-01,513500.SS:0.50;518880.SS:0.50,518880.SS:0.50;513500.SS:0.50,True,513500.SS;518880.SS,518880.SS:BUY
2016-09-01,513500.SS:0.50;518880.SS:0.50,518880.SS:0.50;513500.SS:0.50,True,513500.SS;518880.SS,518880.SS:BUY;513500.SS:BUY
2016-10-10,513500.SS:0.50;518880.SS:0.50,513500.SS:0.50;518880.SS:0.50,True,513500.SS;518880.SS,513500.SS:BUY;518880.SS:BUY
2016-11-01,513500.SS:0.50;518880.SS:0.50,513500.SS:0.50;513100.SS:0.50,False,513100.SS;513500.SS,518880.SS:SELL;513500.SS:SELL;513100.SS:BUY
2016-12-01,513500.SS:0.50;518880.SS:0.50,513500.SS:0.50;518880.SS:0.50,True,513500.SS,513100.SS:SELL;513500.SS:SELL
2017-01-03,513500.SS:0.50;518880.SS:0.50,513500.SS:0.50;518880.SS:0.50,True,513500.SS,513500.SS:BUY
2017-02-03,513100.SS:0.50;159920.SZ:0.50,159920.SZ:0.50;513100.SS:0.50,True,159920.SZ;513100.SS,513500.SS:SELL;159920.SZ:BUY;513100.SS:BUY
2017-03-01,513100.SS:0.50;159920.SZ:0.50,159920.SZ:0.50;513100.SS:0.50,True,159920.SZ;513100.SS,513100.SS:SELL
2017-04-05,513500.SS:0.50;513100.SS:0.50,513100.SS:0.50;159920.SZ:0.50,False,159920.SZ;513100.SS,159920.SZ:BUY
2017-05-02,513500.SS:0.50;513100.SS:0.50,513100.SS:0.50;159920.SZ:0.50,False,159920.SZ;513100.SS,513100.SS:SELL;159920.SZ:BUY
2017-06-01,513100.SS:0.50;159920.SZ:0.50,513100.SS:0.50;159920.SZ:0.50,True,159920.SZ;513100.SS,159920.SZ:SELL
2017-07-03,513100.SS:0.50;159920.SZ:0.50,159920.SZ:0.50;513100.SS:0.50,True,159920.SZ;513100.SS,159920.SZ:SELL;513100.SS:BUY
2017-08-01,513100.SS:0.50;159920.SZ:0.50,159920.SZ:0.50;513100.SS:0.50,True,159920.SZ;513100.SS,159920.SZ:SELL;513100.SS:BUY
2017-09-01,513100.SS:0.50;159920.SZ:0.50,159920.SZ:0.50;513100.SS:0.50,True,159920.SZ;513100.SS,159920.SZ:SELL;513100.SS:BUY
2017-10-09,513100.SS:0.50;513030.SS:0.50,513030.SS:0.50;513100.SS:0.50,True,513030.SS;513100.SS,159920.SZ:SELL;513030.SS:BUY;513100.SS:BUY
2017-11-01,513100.SS:0.50;513030.SS:0.50,513100.SS:0.50;513030.SS:0.50,True,513030.SS;513100.SS,513100.SS:SELL;513030.SS:BUY
2017-12-01,159920.SZ:0.50;513030.SS:0.50,513030.SS:0.50;513100.SS:0.50,False,513030.SS;513100.SS,513100.SS:SELL
2018-01-02,510300.SS:0.50;159920.SZ:0.50,159920.SZ:0.50;510300.SS:0.50,True,159920.SZ;510300.SS;513030.SS,513100.SS:SELL;513030.SS:SELL;159920.SZ:BUY;510300.SS:BUY
2018-02-01,510300.SS:0.50;159920.SZ:0.50,159920.SZ:0.50;510300.SS:0.50,True,159920.SZ;510300.SS;513030.SS,513030.SS:SELL;159920.SZ:SELL
2018-03-01,510300.SS:0.50;159920.SZ:0.50,159920.SZ:0.50;513100.SS:0.50,False,159920.SZ,510300.SS:SELL;513030.SS:SELL;159920.SZ:BUY
2018-04-02,510300.SS:0.50;159920.SZ:0.50,159920.SZ:0.50;510300.SS:0.50,True,159920.SZ,159920.SZ:BUY
2018-05-02,513100.SS:0.50;159920.SZ:0.50,159920.SZ:0.50;513100.SS:0.50,True,159920.SZ,159920.SZ:SELL
2018-06-01,513100.SS:0.50;159920.SZ:0.50,513100.SS:0.50;159920.SZ:0.50,True,159920.SZ,159920.SZ:SELL
2018-07-02,513100.SS:0.50;159920.SZ:0.50,513100.SS:0.50;159920.SZ:0.50,True,159920.SZ;513100.SS,513100.SS:BUY;159920.SZ:BUY
2018-08-01,513500.SS:0.50;513100.SS:0.50,513100.SS:0.50;513500.SS:0.50,True,513100.SS,159920.SZ:SELL;513100.SS:SELL
2018-09-03,513500.SS:0.50;513100.SS:0.50,513100.SS:0.50;513500.SS:0.50,True,513100.SS,513100.SS:SELL
2018-10-08,513500.SS:0.50;513100.SS:0.50,513100.SS:0.50;513500.SS:0.50,True,513100.SS;513500.SS,513100.SS:BUY;513500.SS:BUY
2018-11-01,513500.SS:0.50;513100.SS:0.50,513100.SS:0.50;513500.SS:0.50,True,513100.SS;513500.SS,513500.SS:SELL
2018-12-03,513500.SS:0.50;513100.SS:0.50,513100.SS:0.50;513500.SS:0.50,True,513100.SS;513500.SS,513100.SS:BUY;513500.SS:SELL
2019-01-02,518880.SS:1.00,518880.SS:1.00,True,,513500.SS:SELL;513100.SS:SELL
2019-02-01,513100.SS:0.50;518880.SS:0.50,513100.SS:0.50;518880.SS:0.50,True,513100.SS;518880.SS,513100.SS:BUY;518880.SS:BUY
2019-03-01,513500.SS:0.50;513100.SS:0.50,513100.SS:0.50;513500.SS:0.50,True,513100.SS,518880.SS:SELL;513100.SS:SELL
2019-04-01,513500.SS:0.50;513100.SS:0.50,513100.SS:0.50;513500.SS:0.50,True,513100.SS,513100.SS:SELL
2019-05-06,513500.SS:0.50;513100.SS:0.50,513100.SS:0.50;513500.SS:0.50,True,513100.SS,513100.SS:SELL
2019-06-03,513500.SS:0.50;513100.SS:0.50,518880.SS:0.50;513100.SS:0.50,False,513100.SS;518880.SS,518880.SS:BUY;513100.SS:BUY
2019-07-01,513500.SS:0.50;518880.SS:0.50,513500.SS:0.50;518880.SS:0.50,True,513500.SS;518880.SS,513100.SS:SELL;513500.SS:BUY;518880.SS:BUY
2019-08-01,510300.SS:0.50;518880.SS:0.50,518880.SS:0.50;510300.SS:0.50,True,518880.SS,513500.SS:SELL;518880.SS:SELL
2019-09-02,510300.SS:0.50;518880.SS:0.50,518880.SS:0.50;510300.SS:0.50,True,518880.SS,518880.SS:SELL
2019-10-08,510300.SS:0.50;518880.SS:0.50,518880.SS:0.50;510300.SS:0.50,True,510300.SS;518880.SS,518880.SS:BUY;510300.SS:BUY
2019-11-01,510300.SS:0.50;510500.SS:0.50,510300.SS:0.50;518880.SS:0.50,False,510300.SS;518880.SS,510300.SS:SELL;518880.SS:BUY
2019-12-02,513100.SS:0.50;518880.SS:0.50,513100.SS:0.50;518880.SS:0.50,True,513100.SS;518880.SS,510300.SS:SELL;513100.SS:BUY
2020-01-02,510300.SS:0.50;513100.SS:0.50,513100.SS:0.50;510300.SS:0.50,True,513100.SS,518880.SS:SELL;513100.SS:SELL
2020-02-03,513500.SS:0.50;513100.SS:0.50,513100.SS:0.50;513500.SS:0.50,True,513100.SS,513100.SS:SELL
2020-03-02,513100.SS:0.50;518880.SS:0.50,513100.SS:0.50;518880.SS:0.50,True,513100.SS,513100.SS:SELL
2020-04-01,513100.SS:0.50;518880.SS:0.50,518880.SS:0.50;513100.SS:0.50,True,513100.SS;518880.SS,518880.SS:BUY;513100.SS:BUY
2020-05-06,513100.SS:0.50;518880.SS:0.50,513100.SS:0.50;518880.SS:0.50,True,513100.SS;518880.SS,513100.SS:SELL;518880.SS:BUY
2020-06-01,513100.SS:0.50;518880.SS:0.50,513100.SS:0.50;518880.SS:0.50,True,513100.SS;518880.SS,518880.SS:SELL
2020-07-01,513100.SS:0.50;518880.SS:0.50,513100.SS:0.50;518880.SS:0.50,True,513100.SS;518880.SS,513100.SS:BUY
2020-08-03,510500.SS:0.50;513100.SS:0.50,510500.SS:0.50;513100.SS:0.50,True,510500.SS;513100.SS,518880.SS:SELL;510500.SS:BUY;513100.SS:BUY
2020-09-01,510500.SS:0.50;513100.SS:0.50,513100.SS:0.50;510500.SS:0.50,True,510500.SS;513100.SS,513100.SS:SELL;510500.SS:BUY
2020-10-09,510500.SS:0.50;513100.SS:0.50,513100.SS:0.50;510500.SS:0.50,True,510500.SS;513100.SS,510500.SS:SELL
2020-11-02,510500.SS:0.50;513100.SS:0.50,513100.SS:0.50;510500.SS:0.50,True,510500.SS;513100.SS,513100.SS:BUY;510500.SS:SELL
2020-12-01,510500.SS:0.50;513100.SS:0.50,513100.SS:0.50;510500.SS:0.50,True,510500.SS;513100.SS,513100.SS:BUY;510500.SS:SELL
2021-01-04,510300.SS:0.50;513100.SS:0.50,513100.SS:0.50;510300.SS:0.50,True,513100.SS,510500.SS:SELL;513100.SS:BUY
2021-02-01,510300.SS:0.50;513100.SS:0.50,510300.SS:0.50;513100.SS:0.50,True,510300.SS;513100.SS,510300.SS:BUY;513100.SS:BUY
2021-03-01,510300.SS:0.50;159980.SZ:0.50,510300.SS:0.50;159980.SZ:0.50,True,159980.SZ;510300.SS,513100.SS:SELL;510300.SS:BUY;159980.SZ:BUY
2021-04-01,513520.SS:0.50;513030.SS:0.50,513030.SS:0.50;513520.SS:0.50,True,513030.SS,510300.SS:SELL;159980.SZ:SELL;513030.SS:BUY
2021-05-06,513030.SS:0.50;159980.SZ:0.50,159980.SZ:0.50;513030.SS:0.50,True,513030.SS,513030.SS:SELL
2021-06-01,513030.SS:0.50;159980.SZ:0.50,159980.SZ:0.50;510300.SS:0.50,False,159980.SZ;510300.SS,513030.SS:SELL;159980.SZ:BUY;510300.SS:BUY
2021-07-01,510300.SS:0.50;159980.SZ:0.50,159980.SZ:0.50;510300.SS:0.50,True,159980.SZ;510300.SS,159980.SZ:BUY;510300.SS:SELL
2021-08-02,513500.SS:0.50;159980.SZ:0.50,159980.SZ:0.50;513500.SS:0.50,True,159980.SZ,510300.SS:SELL;159980.SZ:SELL
2021-09-01,513100.SS:0.50;159980.SZ:0.50,159980.SZ:0.50;513100.SS:0.50,True,159980.SZ;513100.SS,159980.SZ:BUY;513100.SS:BUY
2021-10-08,513500.SS:0.50;159980.SZ:0.50,159980.SZ:0.50;513500.SS:0.50,True,159980.SZ,513100.SS:SELL;159980.SZ:SELL
2021-11-01,513500.SS:0.50;159980.SZ:0.50,159980.SZ:0.50;513500.SS:0.50,True,159980.SZ,159980.SZ:SELL
2021-12-01,513500.SS:0.50;159980.SZ:0.50,159980.SZ:0.50;513500.SS:0.50,True,159980.SZ,159980.SZ:BUY
2022-01-04,513500.SS:0.50;513100.SS:0.50,513500.SS:0.50;513100.SS:0.50,True,513100.SS;513500.SS,159980.SZ:SELL;513500.SS:BUY;513100.SS:BUY
2022-02-07,513500.SS:0.50;159980.SZ:0.50,159980.SZ:0.50;513500.SS:0.50,True,513500.SS,513100.SS:SELL;513500.SS:SELL
2022-03-01,510500.SS:0.50;159980.SZ:0.50,159980.SZ:0.50;513500.SS:0.50,False,159980.SZ;513500.SS,159980.SZ:BUY;513500.SS:BUY
2022-04-01,513500.SS:0.50;159980.SZ:0.50,159980.SZ:0.50;513100.SS:0.50,False,159980.SZ,513500.SS:SELL;159980.SZ:SELL
2022-05-05,518880.SS:0.50;159980.SZ:0.50,159980.SZ:0.50;518880.SS:0.50,True,159980.SZ,159980.SZ:BUY
2022-06-01,518880.SS:0.50;159980.SZ:0.50,159980.SZ:0.50;513500.SS:0.50,False,159980.SZ,159980.SZ:BUY
2022-07-01,518880.SS:0.50;159980.SZ:0.50,159980.SZ:0.50;518880.SS:0.50,True,159980.SZ;518880.SS,159980.SZ:BUY;518880.SS:BUY
2022-08-01,518880.SS:0.50;159980.SZ:0.50,159980.SZ:0.50;518880.SS:0.50,True,159980.SZ;518880.SS,159980.SZ:SELL;518880.SS:BUY
2022-09-01,518880.SS:1.00,518880.SS:1.00,True,518880.SS,159980.SZ:SELL
2022-10-10,518880.SS:1.00,518880.SS:1.00,True,518880.SS,
2022-11-01,518880.SS:1.00,518880.SS:1.00,True,518880.SS,
2022-12-01,518880.SS:0.50;159980.SZ:0.50,159980.SZ:0.50;518880.SS:0.50,True,518880.SS,518880.SS:SELL
2023-01-03,518880.SS:0.50;159980.SZ:0.50,159980.SZ:0.50;518880.SS:0.50,True,518880.SS,518880.SS:SELL
2023-02-01,518880.SS:0.50;159980.SZ:0.50,518880.SS:0.50;159980.SZ:0.50,True,518880.SS,518880.SS:SELL
2023-03-01,513030.SS:0.50;518880.SS:0.50,518880.SS:0.50;159980.SZ:0.50,False,159980.SZ;518880.SS,518880.SS:BUY;159980.SZ:BUY
2023-04-03,513030.SS:0.50;518880.SS:0.50,513030.SS:0.50;518880.SS:0.50,True,518880.SS,159980.SZ:SELL;518880.SS:SELL
2023-05-04,513520.SS:0.50;513030.SS:0.50,513030.SS:0.50;513520.SS:0.50,True,513030.SS,518880.SS:SELL;513030.SS:BUY
2023-06-01,513100.SS:0.50;513030.SS:0.50,513100.SS:0.50;513030.SS:0.50,True,513030.SS;513100.SS,513100.SS:BUY;513030.SS:BUY
2023-07-03,513100.SS:0.50;513030.SS:0.50,513100.SS:0.50;513030.SS:0.50,True,513030.SS;513100.SS,513100.SS:SELL;513030.SS:BUY
2023-08-01,513100.SS:0.50;513030.SS:0.50,513030.SS:0.50;513100.SS:0.50,True,513030.SS;513100.SS,513100.SS:SELL
2023-09-01,513100.SS:0.50;513030.SS:0.50,513030.SS:0.50;513100.SS:0.50,True,513030.SS;513100.SS,513030.SS:BUY;513100.SS:SELL
2023-10-09,513100.SS:0.50;513030.SS:0.50,513100.SS:0.50;513030.SS:0.50,True,513030.SS;513100.SS,513100.SS:SELL;513030.SS:BUY
2023-11-01,513100.SS:0.50;513030.SS:0.50,513100.SS:0.50;513030.SS:0.50,True,513030.SS;513100.SS,513030.SS:SELL
2023-12-01,513100.SS:0.50;513030.SS:0.50,513100.SS:0.50;513030.SS:0.50,True,513030.SS;513100.SS,513100.SS:BUY;513030.SS:SELL
2024-01-02,513100.SS:0.50;513520.SS:0.50,513100.SS:0.50;513500.SS:0.50,False,513100.SS,513030.SS:SELL;513100.SS:BUY
2024-02-01,513100.SS:0.50;513520.SS:0.50,513100.SS:0.50;513520.SS:0.50,True,513100.SS,513100.SS:SELL
2024-03-01,513100.SS:0.50;513520.SS:0.50,513520.SS:0.50;513100.SS:0.50,True,513100.SS,513100.SS:SELL
2024-04-01,513100.SS:0.50;513520.SS:0.50,513100.SS:0.50;513520.SS:0.50,True,513100.SS,513100.SS:SELL
2024-05-06,513500.SS:0.50;513100.SS:0.50,513100.SS:0.50;513500.SS:0.50,True,513100.SS,513100.SS:BUY
2024-06-03,513500.SS:0.50;513100.SS:0.50,513100.SS:0.50;513500.SS:0.50,True,513100.SS,513100.SS:SELL
2024-07-01,513500.SS:0.50;513100.SS:0.50,513100.SS:0.50;513500.SS:0.50,True,513100.SS,513100.SS:SELL
2024-08-01,513500.SS:0.50;513100.SS:0.50,513500.SS:0.50;513100.SS:0.50,True,513100.SS;513500.SS,513500.SS:BUY;513100.SS:BUY
2024-09-02,513500.SS:0.50;513100.SS:0.50,513500.SS:0.50;513100.SS:0.50,True,513100.SS;513500.SS,513500.SS:SELL;513100.SS:BUY
2024-10-08,513100.SS:0.50;518880.SS:0.50,518880.SS:0.50;513100.SS:0.50,True,513100.SS;518880.SS,513500.SS:SELL;518880.SS:BUY;513100.SS:SELL
2024-11-01,513500.SS:0.50;518880.SS:0.50,518880.SS:0.50;513500.SS:0.50,True,513500.SS;518880.SS,513100.SS:SELL;518880.SS:BUY;513500.SS:BUY
2024-12-02,513500.SS:0.50;513100.SS:0.50,513500.SS:0.50;513100.SS:0.50,True,513500.SS,518880.SS:SELL;513500.SS:SELL
2025-01-02,513500.SS:0.50;513100.SS:0.50,513500.SS:0.50;513100.SS:0.50,True,513500.SS,513500.SS:BUY
2025-02-05,513500.SS:0.50;518880.SS:0.50,518880.SS:0.50;513500.SS:0.50,True,513500.SS,513500.SS:SELL
2025-03-03,159920.SZ:0.50;518880.SS:0.50,159920.SZ:0.50;518880.SS:0.50,True,159920.SZ;518880.SS,513500.SS:SELL;159920.SZ:BUY;518880.SS:BUY
2025-04-01,159920.SZ:0.50;518880.SS:0.50,159920.SZ:0.50;518880.SS:0.50,True,159920.SZ;518880.SS,159920.SZ:BUY;518880.SS:SELL
2025-05-06,159920.SZ:0.50;518880.SS:0.50,159920.SZ:0.50;513030.SS:0.50,False,159920.SZ,518880.SS:SELL;159920.SZ:BUY
2025-06-03,513030.SS:0.50;518880.SS:0.50,518880.SS:0.50;513030.SS:0.50,True,518880.SS,159920.SZ:SELL;518880.SS:BUY
2025-07-01,513030.SS:0.50;518880.SS:0.50,518880.SS:0.50;513030.SS:0.50,True,513030.SS;518880.SS,518880.SS:BUY;513030.SS:BUY
2025-08-01,159920.SZ:0.50;513030.SS:0.50,159920.SZ:0.50;518880.SS:0.50,False,518880.SS,513030.SS:SELL;518880.SS:SELL
2025-09-01,510500.SS:0.50;159920.SZ:0.50,510500.SS:0.50;159920.SZ:0.50,True,159920.SZ;510500.SS,518880.SS:SELL;510500.SS:BUY;159920.SZ:BUY
2025-10-09,510500.SS:0.50;159920.SZ:0.50,510500.SS:0.50;518880.SS:0.50,False,510500.SS;518880.SS,159920.SZ:SELL;510500.SS:SELL;518880.SS:BUY
2025-11-03,513520.SS:0.50;518880.SS:0.50,518880.SS:0.50;513520.SS:0.50,True,518880.SS,510500.SS:SELL;518880.SS:SELL
2025-12-01,513520.SS:0.50;518880.SS:0.50,518880.SS:0.50;513520.SS:0.50,True,518880.SS,518880.SS:SELL
2026-01-05,510500.SS:0.50;518880.SS:0.50,518880.SS:0.50;510500.SS:0.50,True,510500.SS;518880.SS,518880.SS:SELL;510500.SS:BUY
2026-02-02,510500.SS:0.50;518880.SS:0.50,518880.SS:0.50;510500.SS:0.50,True,510500.SS;518880.SS,510500.SS:BUY
2026-03-02,510500.SS:0.50;518880.SS:0.50,518880.SS:0.50;510500.SS:0.50,True,510500.SS;518880.SS,518880.SS:SELL;510500.SS:BUY
2026-04-01,513520.SS:0.50;518880.SS:0.50,518880.SS:0.50;513520.SS:0.50,True,518880.SS,510500.SS:SELL;518880.SS:BUY
2026-05-06,510500.SS:0.50;513520.SS:0.50,510500.SS:0.50;513520.SS:0.50,True,510500.SS;513520.SS,518880.SS:SELL;510500.SS:BUY;513520.SS:BUY
2026-06-01,510500.SS:0.50;513520.SS:0.50,513520.SS:0.50;513100.SS:0.50,False,513520.SS,510500.SS:SELL;513520.SS:SELL
2026-07-01,510500.SS:0.50;513520.SS:0.50,513520.SS:0.50;510500.SS:0.50,True,513520.SS,513520.SS:SELL
2026-08-03,513100.SS:0.50;513520.SS:0.50,513520.SS:0.50;513100.SS:0.50,True,513520.SS,513520.SS:BUY
