trend_window,years,window_start,window_end,cagr,max_drawdown,sharpe
160,3,2013-07-01,2016-06-30,0.09843959,-0.16373327,0.94360371
160,3,2013-07-29,2016-07-29,0.11666472,-0.16373327,1.09777408
160,3,2013-09-02,2016-08-31,0.12999797,-0.16373327,1.20606340
160,3,2013-09-30,2016-09-30,0.13012150,-0.16373327,1.19092191
160,3,2013-10-31,2016-10-31,0.13653214,-0.16373327,1.24603239
160,3,2013-12-02,2016-11-30,0.14424071,-0.16373327,1.30064643
160,3,2013-12-30,2016-12-30,0.14764223,-0.16373327,1.32939842
160,3,2014-01-27,2017-01-26,0.15522176,-0.16373327,1.39893581
160,3,2014-02-28,2017-02-28,0.14806884,-0.16373327,1.34711206
160,3,2014-03-31,2017-03-31,0.16502711,-0.16373327,1.47820252
160,3,2014-04-28,2017-04-28,0.16393955,-0.16373327,1.46850333
160,3,2014-06-03,2017-05-31,0.16385607,-0.16373327,1.46295714
160,3,2014-06-30,2017-06-30,0.16058007,-0.16373327,1.43296330
160,3,2014-07-31,2017-07-31,0.15534194,-0.16373327,1.39381381
160,3,2014-09-01,2017-08-31,0.15145840,-0.16373327,1.36015331
160,3,2014-09-29,2017-09-29,0.14914557,-0.16373327,1.35099591
160,3,2014-10-31,2017-10-31,0.14841286,-0.16373327,1.35905103
160,3,2014-12-01,2017-11-30,0.13640942,-0.16373327,1.25762529
160,3,2014-12-29,2017-12-29,0.11991522,-0.16373327,1.14270083
160,3,2015-02-02,2018-01-31,0.12924611,-0.16373327,1.24081940
160,3,2015-03-02,2018-02-28,0.10119709,-0.16373327,0.97094703
160,3,2015-03-30,2018-03-30,0.07450440,-0.16373327,0.73674965
160,3,2015-04-27,2018-04-27,0.04704459,-0.16373327,0.50935453
160,3,2015-06-01,2018-05-31,0.03032715,-0.16373327,0.36605407
160,3,2015-06-29,2018-06-29,0.06083444,-0.10348415,0.70575962
160,3,2015-07-31,2018-07-31,0.07384782,-0.08493565,1.00749276
160,3,2015-08-31,2018-08-31,0.08703588,-0.08493565,1.25517587
160,3,2015-09-28,2018-09-28,0.09457411,-0.08493565,1.36310372
160,3,2015-11-02,2018-10-31,0.07699801,-0.08493565,1.10225349
160,3,2015-11-30,2018-11-30,0.08049081,-0.08493565,1.14518747
160,3,2015-12-28,2018-12-28,0.07863361,-0.08493565,1.12059881
160,3,2016-02-01,2019-01-31,0.08540475,-0.08493565,1.22169239
160,3,2016-02-29,2019-02-28,0.07967896,-0.08493565,1.14661512
160,3,2016-03-29,2019-03-29,0.08396483,-0.08493565,1.18407035
160,3,2016-05-03,2019-04-30,0.08656731,-0.08493565,1.20283857
160,3,2016-05-31,2019-05-31,0.06934695,-0.08493565,0.94758555
160,3,2016-06-28,2019-06-28,0.08532919,-0.08493565,1.13202041
160,3,2016-08-01,2019-07-31,0.07169769,-0.08493565,0.94713604
160,3,2016-08-30,2019-08-30,0.06461356,-0.08493565,0.84839465
160,3,2016-09-30,2019-09-30,0.06569328,-0.08493565,0.88268271
160,3,2016-10-31,2019-10-31,0.06643716,-0.08493565,0.89362359
160,3,2016-11-29,2019-11-29,0.06125601,-0.08493565,0.84452470
160,3,2017-01-03,2019-12-31,0.07935997,-0.08493565,1.10598183
160,3,2017-01-23,2020-01-23,0.08009898,-0.08493565,1.10139713
160,3,2017-02-28,2020-02-28,0.06566392,-0.08493565,0.82352269
160,3,2017-03-31,2020-03-31,0.04650828,-0.12561892,0.57293056
160,3,2017-05-02,2020-04-30,0.05082485,-0.12561892,0.61983114
160,3,2017-05-31,2020-05-29,0.04248929,-0.12561892,0.52960693
160,3,2017-06-30,2020-06-30,0.04574750,-0.12561892,0.56420874
160,3,2017-07-31,2020-07-31,0.05862295,-0.12561892,0.68717849
160,3,2017-08-31,2020-08-31,0.07576645,-0.12561892,0.85948571
160,3,2017-10-09,2020-09-30,0.05225348,-0.12561892,0.58567618
160,3,2017-10-30,2020-10-30,0.04070971,-0.12561892,0.46817722
160,3,2017-11-30,2020-11-30,0.05295550,-0.12561892,0.58978505
160,3,2018-01-02,2020-12-31,0.05725949,-0.12561892,0.63122707
160,3,2018-01-29,2021-01-29,0.04438064,-0.12561892,0.49722976
160,3,2018-02-26,2021-02-26,0.06447481,-0.12561892,0.70058270
160,3,2018-04-02,2021-03-31,0.07872276,-0.12561892,0.84012240
160,3,2018-05-02,2021-04-30,0.08187766,-0.12561892,0.86629717
160,3,2018-05-31,2021-05-31,0.08137722,-0.12561892,0.85593053
160,3,2018-07-02,2021-06-30,0.07750408,-0.12561892,0.81607897
160,3,2018-07-30,2021-07-30,0.06550759,-0.12561892,0.69877042
160,3,2018-08-31,2021-08-31,0.07360779,-0.12561892,0.77785576
160,3,2018-10-08,2021-09-30,0.06879565,-0.12561892,0.72766299
160,3,2018-10-29,2021-10-29,0.08013328,-0.12561892,0.84678206
160,3,2018-11-30,2021-11-30,0.08241856,-0.12561892,0.87161083
160,3,2019-01-02,2021-12-31,0.08652992,-0.12561892,0.90603303
160,3,2019-01-28,2022-01-28,0.07465428,-0.12561892,0.78923019
160,3,2019-02-28,2022-02-28,0.07675063,-0.12561892,0.80904543
160,3,2019-04-01,2022-03-31,0.06941378,-0.12561892,0.74037509
160,3,2019-04-29,2022-04-29,0.06938427,-0.12561892,0.74283858
160,3,2019-05-31,2022-05-31,0.08351808,-0.12561892,0.89916223
160,3,2019-07-01,2022-06-30,0.05831191,-0.12561892,0.65679907
160,3,2019-07-29,2022-07-29,0.05299639,-0.12561892,0.60788070
160,3,2019-09-02,2022-08-31,0.05381183,-0.12561892,0.62538143
160,3,2019-09-30,2022-09-30,0.05144244,-0.12561892,0.60220851
160,3,2019-10-31,2022-10-31,0.04816407,-0.12561892,0.56947834
160,3,2019-12-02,2022-11-30,0.04680991,-0.12561892,0.55271723
160,3,2019-12-30,2022-12-30,0.03395968,-0.12561892,0.41454144
160,3,2020-02-03,2023-01-31,0.05141364,-0.12561892,0.61728822
160,3,2020-02-28,2023-02-28,0.03923768,-0.08992272,0.50977749
160,3,2020-03-31,2023-03-31,0.06049081,-0.07820007,0.79040174
160,3,2020-04-28,2023-04-28,0.05701555,-0.07820007,0.74386789
160,3,2020-06-01,2023-05-31,0.05975357,-0.07820007,0.75975679
160,3,2020-06-30,2023-06-30,0.06922462,-0.07820007,0.87470938
160,3,2020-07-31,2023-07-31,0.05663431,-0.07820007,0.74880425
160,3,2020-08-31,2023-08-31,0.02845873,-0.07820007,0.40052696
160,3,2020-09-28,2023-09-28,0.03702937,-0.05962350,0.53574884
160,3,2020-11-02,2023-10-31,0.04049259,-0.06469999,0.59039718
160,3,2020-11-30,2023-11-30,0.03132894,-0.06469999,0.47500470
160,3,2020-12-29,2023-12-29,0.03532292,-0.06469999,0.53117782
160,3,2021-02-01,2024-01-31,0.03856172,-0.06469999,0.57579358
160,3,2021-03-01,2024-02-29,0.03782479,-0.06469999,0.58876807
160,3,2021-03-29,2024-03-29,0.04922582,-0.06469999,0.76548550
160,3,2021-04-30,2024-04-30,0.03924083,-0.06469999,0.61363532
160,3,2021-05-31,2024-05-31,0.03863389,-0.06469999,0.60246083
160,3,2021-06-28,2024-06-28,0.04119004,-0.06469999,0.63672554
160,3,2021-08-02,2024-07-31,0.03983706,-0.06469999,0.59790836
160,3,2021-08-30,2024-08-30,0.03668026,-0.08663700,0.51863535
160,3,2021-09-30,2024-09-30,0.05169570,-0.08663700,0.69797371
160,3,2021-11-01,2024-10-31,0.04334843,-0.08663700,0.58373048
160,3,2021-11-29,2024-11-29,0.04379340,-0.08663700,0.58400754
160,3,2021-12-31,2024-12-31,0.04370412,-0.08663700,0.58175774
160,3,2022-01-27,2025-01-27,0.06228103,-0.08663700,0.78921863
160,3,2022-02-28,2025-02-28,0.06010715,-0.08663700,0.74986927
160,3,2022-03-31,2025-03-31,0.06461893,-0.08663700,0.80052295
160,3,2022-05-05,2025-04-30,0.06443048,-0.08663700,0.74898129
160,3,2022-05-30,2025-05-30,0.06812713,-0.08663700,0.78736598
160,3,2022-06-30,2025-06-30,0.08078337,-0.08663700,0.91958826
160,3,2022-08-01,2025-07-31,0.09320047,-0.08663700,1.04204508
160,3,2022-08-29,2025-08-29,0.10355332,-0.08663700,1.13557907
160,3,2022-09-30,2025-09-30,0.12281277,-0.08663700,1.31571427
160,3,2022-10-31,2025-10-31,0.13648468,-0.08663700,1.39626452
160,3,2022-11-28,2025-11-28,0.12461736,-0.08663700,1.24918434
160,3,2023-01-03,2025-12-31,0.13872921,-0.08663700,1.36790908
160,3,2023-01-30,2026-01-30,0.15002990,-0.08663700,1.42948125
160,3,2023-02-27,2026-02-27,0.16478795,-0.08663700,1.48918044
160,3,2023-03-31,2026-03-31,0.11615010,-0.12307166,1.05035797
160,3,2023-05-04,2026-04-30,0.12601324,-0.12307166,1.12053496
160,3,2023-05-29,2026-05-29,0.13205615,-0.12307166,1.17372700
160,3,2023-06-30,2026-06-30,0.12903756,-0.12307166,1.12414994
160,3,2023-07-31,2026-07-31,0.10569270,-0.12307166,0.92146808
160,3,2023-08-31,2026-08-31,0.12290274,-0.12307166,1.06239890
160,5,2013-07-01,2018-06-29,0.10139677,-0.16373327,1.06607442
160,5,2013-07-31,2018-07-31,0.10728565,-0.16373327,1.12216441
160,5,2013-09-02,2018-08-31,0.11214420,-0.16373327,1.16378657
160,5,2013-09-30,2018-09-28,0.11235999,-0.16373327,1.16392539
160,5,2013-10-31,2018-10-31,0.10530790,-0.16373327,1.09241663
160,5,2013-12-02,2018-11-30,0.10574989,-0.16373327,1.09807337
160,5,2013-12-30,2018-12-28,0.11280416,-0.16373327,1.17715644
160,5,2014-02-07,2019-01-31,0.11471679,-0.16373327,1.20139962
160,5,2014-02-28,2019-02-28,0.10900882,-0.16373327,1.15466375
160,5,2014-03-31,2019-03-29,0.11967121,-0.16373327,1.25834928
160,5,2014-04-30,2019-04-30,0.11914817,-0.16373327,1.25110170
160,5,2014-06-03,2019-05-31,0.10689316,-0.16373327,1.11684939
160,5,2014-06-30,2019-06-28,0.11555969,-0.16373327,1.19155549
160,5,2014-07-31,2019-07-31,0.11095382,-0.16373327,1.14279966
160,5,2014-09-01,2019-08-30,0.10834665,-0.16373327,1.11220204
160,5,2014-09-30,2019-09-30,0.10539503,-0.16373327,1.09115364
160,5,2014-10-31,2019-10-31,0.10463076,-0.16373327,1.09087275
160,5,2014-12-01,2019-11-29,0.09940727,-0.16373327,1.04251499
160,5,2014-12-31,2019-12-31,0.09374365,-0.16373327,1.00788960
160,5,2015-01-23,2020-01-23,0.08994895,-0.16373327,0.97637082
160,5,2015-03-02,2020-02-28,0.08156334,-0.16373327,0.86036300
160,5,2015-03-31,2020-03-31,0.06284215,-0.16373327,0.66503733
160,5,2015-04-30,2020-04-30,0.04991361,-0.16373327,0.55599103
160,5,2015-05-29,2020-05-29,0.03965110,-0.16373327,0.46589413
160,5,2015-06-30,2020-06-30,0.04725244,-0.12561892,0.56058386
160,5,2015-07-31,2020-07-31,0.06588781,-0.12561892,0.81312051
160,5,2015-08-31,2020-08-31,0.08360776,-0.12561892,1.03376880
160,5,2015-09-30,2020-09-30,0.07783931,-0.12561892,0.93970356
160,5,2015-10-30,2020-10-30,0.06913226,-0.12561892,0.83749998
160,5,2015-11-30,2020-11-30,0.07860541,-0.12561892,0.93659971
160,5,2015-12-31,2020-12-31,0.08001843,-0.12561892,0.94872063
160,5,2016-01-29,2021-01-29,0.08496877,-0.12561892,0.99176269
160,5,2016-02-26,2021-02-26,0.08554350,-0.12561892,0.98049360
160,5,2016-03-31,2021-03-31,0.08487522,-0.12561892,0.96431286
160,5,2016-05-03,2021-04-30,0.08827420,-0.12561892,0.99570856
160,5,2016-05-31,2021-05-31,0.08881369,-0.12561892,0.99829389
160,5,2016-06-30,2021-06-30,0.08823417,-0.12561892,0.99064330
160,5,2016-08-01,2021-07-30,0.07821832,-0.12561892,0.88443914
160,5,2016-08-31,2021-08-31,0.07851106,-0.12561892,0.88811887
160,5,2016-09-30,2021-09-30,0.07334614,-0.12561892,0.84315598
160,5,2016-10-31,2021-10-29,0.07137846,-0.12561892,0.82172208
160,5,2016-11-30,2021-11-30,0.06953400,-0.12561892,0.80968286
160,5,2017-01-03,2021-12-31,0.07779152,-0.12561892,0.90544375
160,5,2017-02-03,2022-01-28,0.06833635,-0.12561892,0.80119873
160,5,2017-02-28,2022-02-28,0.06712974,-0.12561892,0.79071941
160,5,2017-03-31,2022-03-31,0.06567070,-0.12561892,0.77999280
160,5,2017-05-02,2022-04-29,0.06417773,-0.12561892,0.76355454
160,5,2017-05-31,2022-05-31,0.06046621,-0.12561892,0.72672373
160,5,2017-06-30,2022-06-30,0.05795852,-0.12561892,0.70114011
160,5,2017-07-31,2022-07-29,0.05142606,-0.12561892,0.62878566
160,5,2017-08-31,2022-08-31,0.05153907,-0.12561892,0.63360181
160,5,2017-10-09,2022-09-30,0.04705418,-0.12561892,0.58203384
160,5,2017-10-31,2022-10-31,0.04570016,-0.12561892,0.56969892
160,5,2017-11-30,2022-11-30,0.04744012,-0.12561892,0.58966654
160,5,2018-01-02,2022-12-30,0.04242770,-0.12561892,0.53254186
160,5,2018-01-31,2023-01-31,0.04080659,-0.12561892,0.51707884
160,5,2018-02-28,2023-02-28,0.04463580,-0.12561892,0.57201903
160,5,2018-04-02,2023-03-31,0.05477366,-0.12561892,0.68420642
160,5,2018-05-02,2023-04-28,0.05403780,-0.12561892,0.67205782
160,5,2018-05-31,2023-05-31,0.05341495,-0.12561892,0.65805288
160,5,2018-07-02,2023-06-30,0.05658881,-0.12561892,0.69202399
160,5,2018-07-31,2023-07-31,0.05560446,-0.12561892,0.67986244
160,5,2018-08-31,2023-08-31,0.04820217,-0.12561892,0.59250314
160,5,2018-09-28,2023-09-28,0.04211865,-0.12561892,0.52400564
160,5,2018-10-31,2023-10-31,0.04791761,-0.12561892,0.59329141
160,5,2018-11-30,2023-11-30,0.04890101,-0.12561892,0.60583484
160,5,2019-01-02,2023-12-29,0.05378935,-0.12561892,0.65772380
160,5,2019-01-31,2024-01-31,0.05720757,-0.12561892,0.68732822
160,5,2019-02-28,2024-02-29,0.06218401,-0.12561892,0.73945813
160,5,2019-03-29,2024-03-29,0.06394466,-0.12561892,0.76135404
160,5,2019-04-30,2024-04-30,0.05958230,-0.12561892,0.71227368
160,5,2019-05-31,2024-05-31,0.06993398,-0.12561892,0.83051066
160,5,2019-06-28,2024-06-28,0.06313726,-0.12561892,0.75876932
160,5,2019-07-31,2024-07-31,0.06069692,-0.12561892,0.72633910
160,5,2019-08-30,2024-08-30,0.06064742,-0.12561892,0.71085146
160,5,2019-09-30,2024-09-30,0.06486229,-0.12561892,0.74988687
160,5,2019-10-31,2024-10-31,0.05881345,-0.12561892,0.68016194
160,5,2019-11-29,2024-11-29,0.05882270,-0.12561892,0.67804644
160,5,2019-12-31,2024-12-31,0.05629299,-0.12561892,0.64989920
160,5,2020-02-03,2025-01-27,0.06710657,-0.12561892,0.76511745
160,5,2020-02-28,2025-02-28,0.06378741,-0.08992272,0.75003750
160,5,2020-03-31,2025-03-31,0.07670211,-0.08663700,0.91846502
160,5,2020-04-30,2025-04-30,0.07173617,-0.08663700,0.83401105
160,5,2020-06-01,2025-05-30,0.07545639,-0.08663700,0.87176603
160,5,2020-06-30,2025-06-30,0.07909298,-0.08663700,0.91511615
160,5,2020-07-31,2025-07-31,0.07194873,-0.08663700,0.85128756
160,5,2020-08-31,2025-08-29,0.06755773,-0.08663700,0.80697298
160,5,2020-09-30,2025-09-30,0.08867466,-0.08663700,1.06333854
160,5,2020-11-02,2025-10-31,0.10225048,-0.08663700,1.18986338
160,5,2020-11-30,2025-11-28,0.09115118,-0.08663700,1.05160144
160,5,2020-12-31,2025-12-31,0.08940402,-0.08663700,1.02959409
160,5,2021-02-01,2026-01-30,0.10013138,-0.08663700,1.13360768
160,5,2021-03-01,2026-02-27,0.09810020,-0.08663700,1.08553892
160,5,2021-03-31,2026-03-31,0.07661607,-0.12307166,0.83654319
160,5,2021-04-30,2026-04-30,0.07952381,-0.12307166,0.86101544
160,5,2021-05-31,2026-05-29,0.08435625,-0.12307166,0.90541064
160,5,2021-06-30,2026-06-30,0.08665944,-0.12307166,0.91070308
160,5,2021-08-02,2026-07-31,0.07628033,-0.12307166,0.79798232
160,5,2021-08-31,2026-08-31,0.07683017,-0.12307166,0.80269690
180,3,2013-07-01,2016-06-30,0.07009271,-0.20020526,0.65970428
180,3,2013-07-29,2016-07-29,0.08787442,-0.20020526,0.80493219
180,3,2013-09-02,2016-08-31,0.09587336,-0.20020526,0.86858838
180,3,2013-09-30,2016-09-30,0.09673783,-0.20020526,0.86588566
180,3,2013-10-31,2016-10-31,0.10293991,-0.20020526,0.91701882
180,3,2013-12-02,2016-11-30,0.11013011,-0.20020526,0.96849254
180,3,2013-12-30,2016-12-30,0.12019274,-0.20020526,1.04552013
180,3,2014-01-27,2017-01-26,0.12837501,-0.20020526,1.11417122
180,3,2014-02-28,2017-02-28,0.13013347,-0.20020526,1.13235112
180,3,2014-03-31,2017-03-31,0.14656243,-0.20020526,1.25452237
180,3,2014-04-28,2017-04-28,0.15365141,-0.20020526,1.31204774
180,3,2014-06-03,2017-05-31,0.15060516,-0.20020526,1.28549343
180,3,2014-06-30,2017-06-30,0.14740242,-0.20020526,1.25825133
180,3,2014-07-31,2017-07-31,0.14222377,-0.20020526,1.22108412
180,3,2014-09-01,2017-08-31,0.13837245,-0.20020526,1.18948453
180,3,2014-09-29,2017-09-29,0.13609776,-0.20020526,1.17914485
180,3,2014-10-31,2017-10-31,0.13619542,-0.20020526,1.19003626
180,3,2014-12-01,2017-11-30,0.12483596,-0.20020526,1.09903375
180,3,2014-12-29,2017-12-29,0.10838123,-0.20020526,0.98576378
180,3,2015-02-02,2018-01-31,0.11938947,-0.20020526,1.10014959
180,3,2015-03-02,2018-02-28,0.09272446,-0.20020526,0.85795379
180,3,2015-03-30,2018-03-30,0.06660751,-0.20020526,0.63893263
180,3,2015-04-27,2018-04-27,0.03934994,-0.20020526,0.41810197
180,3,2015-06-01,2018-05-31,0.02258563,-0.20020526,0.27474711
180,3,2015-06-29,2018-06-29,0.06119334,-0.11737288,0.68693486
180,3,2015-07-31,2018-07-31,0.07263539,-0.08265740,0.98942915
180,3,2015-08-31,2018-08-31,0.08599408,-0.08265740,1.23766970
180,3,2015-09-28,2018-09-28,0.09353235,-0.08265740,1.34526669
180,3,2015-11-02,2018-10-31,0.07581723,-0.08265740,1.08354453
180,3,2015-11-30,2018-11-30,0.07601961,-0.08265740,1.08320431
180,3,2015-12-28,2018-12-28,0.06759734,-0.08265740,0.95965878
180,3,2016-02-01,2019-01-31,0.07414297,-0.08265740,1.05550316
180,3,2016-02-29,2019-02-28,0.06847696,-0.08265740,0.98137566
180,3,2016-03-29,2019-03-29,0.07271841,-0.08265740,1.02137222
180,3,2016-05-03,2019-04-30,0.07511688,-0.08265740,1.03994573
180,3,2016-05-31,2019-05-31,0.05963304,-0.08265740,0.81141119
180,3,2016-06-28,2019-06-28,0.07237868,-0.08265740,0.96077508
180,3,2016-08-01,2019-07-31,0.05757497,-0.08265740,0.76633286
180,3,2016-08-30,2019-08-30,0.05533130,-0.08265740,0.72679102
180,3,2016-09-30,2019-09-30,0.05530488,-0.08265740,0.74021121
180,3,2016-10-31,2019-10-31,0.05596950,-0.08265740,0.74954856
180,3,2016-11-29,2019-11-29,0.05083616,-0.08265740,0.69797617
180,3,2017-01-03,2019-12-31,0.06858595,-0.08265740,0.94627025
180,3,2017-01-23,2020-01-23,0.07049289,-0.08265740,0.96029822
180,3,2017-02-28,2020-02-28,0.05340780,-0.08265740,0.67334812
180,3,2017-03-31,2020-03-31,0.03025175,-0.13691659,0.38064084
180,3,2017-05-02,2020-04-30,0.04221448,-0.13691659,0.50768665
180,3,2017-05-31,2020-05-29,0.03440704,-0.13691659,0.42488961
180,3,2017-06-30,2020-06-30,0.03883334,-0.13691659,0.47122541
180,3,2017-07-31,2020-07-31,0.05361670,-0.13691659,0.60942277
180,3,2017-08-31,2020-08-31,0.07049223,-0.13691659,0.77322667
180,3,2017-10-09,2020-09-30,0.04643994,-0.13691659,0.50470381
180,3,2017-10-30,2020-10-30,0.03508740,-0.13691659,0.39517914
180,3,2017-11-30,2020-11-30,0.04406688,-0.13691659,0.48129093
180,3,2018-01-02,2020-12-31,0.04772556,-0.13691659,0.51515616
180,3,2018-01-29,2021-01-29,0.03498400,-0.13691659,0.38985395
180,3,2018-02-26,2021-02-26,0.05453005,-0.13691659,0.57870820
180,3,2018-04-02,2021-03-31,0.06619559,-0.13691659,0.68547033
180,3,2018-05-02,2021-04-30,0.06941199,-0.13691659,0.71187885
180,3,2018-05-31,2021-05-31,0.06899122,-0.13691659,0.70440089
180,3,2018-07-02,2021-06-30,0.06757811,-0.13691659,0.68999007
180,3,2018-07-30,2021-07-30,0.05541202,-0.13691659,0.57655466
180,3,2018-08-31,2021-08-31,0.06340886,-0.13691659,0.65111514
180,3,2018-10-08,2021-09-30,0.06019909,-0.13691659,0.61821321
180,3,2018-10-29,2021-10-29,0.07099399,-0.13691659,0.72594011
180,3,2018-11-30,2021-11-30,0.07268111,-0.13691659,0.74390041
180,3,2019-01-02,2021-12-31,0.08428595,-0.13691659,0.84996918
180,3,2019-01-28,2022-01-28,0.07209491,-0.13691659,0.73557088
180,3,2019-02-28,2022-02-28,0.07428306,-0.13691659,0.75547118
180,3,2019-04-01,2022-03-31,0.06696080,-0.13691659,0.68953104
180,3,2019-04-29,2022-04-29,0.06693359,-0.13691659,0.69162684
180,3,2019-05-31,2022-05-31,0.08103501,-0.13691659,0.83861597
180,3,2019-07-01,2022-06-30,0.05957735,-0.13691659,0.64026486
180,3,2019-07-29,2022-07-29,0.05979499,-0.13691659,0.64825765
180,3,2019-09-02,2022-08-31,0.06052652,-0.13691659,0.66408865
180,3,2019-09-30,2022-09-30,0.05901047,-0.13691659,0.65234515
180,3,2019-10-31,2022-10-31,0.05579879,-0.13691659,0.62228406
180,3,2019-12-02,2022-11-30,0.05204618,-0.13691659,0.58382577
180,3,2019-12-30,2022-12-30,0.03871809,-0.13691659,0.44792850
180,3,2020-02-03,2023-01-31,0.05626075,-0.13691659,0.64103542
180,3,2020-02-28,2023-02-28,0.04401565,-0.10299064,0.53887176
180,3,2020-03-31,2023-03-31,0.06885442,-0.08464974,0.86162562
180,3,2020-04-28,2023-04-28,0.05838616,-0.08464974,0.73891207
180,3,2020-06-01,2023-05-31,0.05850700,-0.08464974,0.72719792
180,3,2020-06-30,2023-06-30,0.06796806,-0.08464974,0.83867330
180,3,2020-07-31,2023-07-31,0.05339434,-0.08464974,0.69704811
180,3,2020-08-31,2023-08-31,0.02548433,-0.08464974,0.35799399
180,3,2020-09-28,2023-09-28,0.03478250,-0.05535982,0.50639777
180,3,2020-11-02,2023-10-31,0.03831123,-0.06366048,0.56234612
180,3,2020-11-30,2023-11-30,0.03526517,-0.06366048,0.52751000
180,3,2020-12-29,2023-12-29,0.04026510,-0.06366048,0.59691021
180,3,2021-02-01,2024-01-31,0.04351801,-0.06366048,0.64134100
180,3,2021-03-01,2024-02-29,0.04311594,-0.06366048,0.66195823
180,3,2021-03-29,2024-03-29,0.05723796,-0.06366048,0.88506036
180,3,2021-04-30,2024-04-30,0.04654948,-0.06366048,0.72076921
180,3,2021-05-31,2024-05-31,0.04751046,-0.06366048,0.73386938
180,3,2021-06-28,2024-06-28,0.05050459,-0.06366048,0.77648639
180,3,2021-08-02,2024-07-31,0.04993897,-0.06366048,0.74594143
180,3,2021-08-30,2024-08-30,0.04696253,-0.08375960,0.65902717
180,3,2021-09-30,2024-09-30,0.06037134,-0.08375960,0.81600963
180,3,2021-11-01,2024-10-31,0.05305138,-0.08375960,0.70966800
180,3,2021-11-29,2024-11-29,0.05289921,-0.08375960,0.70024339
180,3,2021-12-31,2024-12-31,0.05257508,-0.08375960,0.69531856
180,3,2022-01-27,2025-01-27,0.07163585,-0.08375960,0.90648019
180,3,2022-02-28,2025-02-28,0.06930204,-0.08375960,0.86258124
180,3,2022-03-31,2025-03-31,0.07073379,-0.08375960,0.87429238
180,3,2022-05-05,2025-04-30,0.07090059,-0.08375960,0.82129024
180,3,2022-05-30,2025-05-30,0.07514888,-0.08375960,0.86379998
180,3,2022-06-30,2025-06-30,0.09059503,-0.08375960,1.02137030
180,3,2022-08-01,2025-07-31,0.09771682,-0.08375960,1.08634218
180,3,2022-08-29,2025-08-29,0.10810417,-0.08375960,1.17919244
180,3,2022-09-30,2025-09-30,0.12743631,-0.08375960,1.35865027
180,3,2022-10-31,2025-10-31,0.14116236,-0.08375960,1.43752912
180,3,2022-11-28,2025-11-28,0.13229842,-0.08375960,1.31368280
180,3,2023-01-03,2025-12-31,0.14720017,-0.08375960,1.43427386
180,3,2023-01-30,2026-01-30,0.16003397,-0.08375960,1.50369806
180,3,2023-02-27,2026-02-27,0.17474917,-0.08375960,1.55527433
180,3,2023-03-31,2026-03-31,0.12290767,-0.13406587,1.08164630
180,3,2023-05-04,2026-04-30,0.13626737,-0.13406587,1.16993955
180,3,2023-05-29,2026-05-29,0.14453361,-0.13406587,1.23700933
180,3,2023-06-30,2026-06-30,0.14148179,-0.13406587,1.18828350
180,3,2023-07-31,2026-07-31,0.11787962,-0.13406587,0.99041646
180,3,2023-08-31,2026-08-31,0.13527935,-0.13406587,1.12783819
180,5,2013-07-01,2018-06-29,0.08316395,-0.20020526,0.85158018
180,5,2013-07-31,2018-07-31,0.08842734,-0.20020526,0.90010509
180,5,2013-09-02,2018-08-31,0.09317051,-0.20020526,0.94033545
180,5,2013-09-30,2018-09-28,0.09338262,-0.20020526,0.94087548
180,5,2013-10-31,2018-10-31,0.08647132,-0.20020526,0.87439967
180,5,2013-12-02,2018-11-30,0.08677645,-0.20020526,0.87810784
180,5,2013-12-30,2018-12-28,0.09323236,-0.20020526,0.94087333
180,5,2014-02-07,2019-01-31,0.09556478,-0.20020526,0.96644847
180,5,2014-02-28,2019-02-28,0.09381429,-0.20020526,0.95680016
180,5,2014-03-31,2019-03-29,0.10360536,-0.20020526,1.04778446
180,5,2014-04-30,2019-04-30,0.10629536,-0.20020526,1.07386077
180,5,2014-06-03,2019-05-31,0.09399437,-0.20020526,0.94822736
180,5,2014-06-30,2019-06-28,0.10089958,-0.20020526,1.00690278
180,5,2014-07-31,2019-07-31,0.09573435,-0.20020526,0.95672190
180,5,2014-09-01,2019-08-30,0.09314497,-0.20020526,0.92865179
180,5,2014-09-30,2019-09-30,0.08979670,-0.20020526,0.90208540
180,5,2014-10-31,2019-10-31,0.08946050,-0.20020526,0.90365981
180,5,2014-12-01,2019-11-29,0.08455193,-0.20020526,0.85962986
180,5,2014-12-31,2019-12-31,0.07890629,-0.20020526,0.82187650
180,5,2015-01-23,2020-01-23,0.07509102,-0.20020526,0.79527413
180,5,2015-03-02,2020-02-28,0.06791527,-0.20020526,0.70329715
180,5,2015-03-31,2020-03-31,0.04740096,-0.20020526,0.49767800
180,5,2015-04-30,2020-04-30,0.03929110,-0.20020526,0.43185606
180,5,2015-05-29,2020-05-29,0.02940644,-0.20020526,0.34476757
180,5,2015-06-30,2020-06-30,0.04132960,-0.13691659,0.48300679
180,5,2015-07-31,2020-07-31,0.06284563,-0.13691659,0.75777852
180,5,2015-08-31,2020-08-31,0.08052447,-0.13691659,0.96972935
180,5,2015-09-30,2020-09-30,0.07440293,-0.13691659,0.86948718
180,5,2015-10-30,2020-10-30,0.06577329,-0.13691659,0.77227655
180,5,2015-11-30,2020-11-30,0.07118974,-0.13691659,0.82704529
180,5,2015-12-31,2020-12-31,0.07260902,-0.13691659,0.83960884
180,5,2016-01-29,2021-01-29,0.07759563,-0.13691659,0.88348459
180,5,2016-02-26,2021-02-26,0.07815828,-0.13691659,0.87509213
180,5,2016-03-31,2021-03-31,0.07667609,-0.13691659,0.84990606
180,5,2016-05-03,2021-04-30,0.08000741,-0.13691659,0.88015242
180,5,2016-05-31,2021-05-31,0.08152071,-0.13691659,0.89198694
180,5,2016-06-30,2021-06-30,0.08066415,-0.13691659,0.88093856
180,5,2016-08-01,2021-07-30,0.07024787,-0.13691659,0.77456220
180,5,2016-08-31,2021-08-31,0.07361894,-0.13691659,0.80780468
180,5,2016-09-30,2021-09-30,0.06905803,-0.13691659,0.76921759
180,5,2016-10-31,2021-10-29,0.06679665,-0.13691659,0.74603380
180,5,2016-11-30,2021-11-30,0.06464573,-0.13691659,0.73032773
180,5,2017-01-03,2021-12-31,0.07278022,-0.13691659,0.81980101
180,5,2017-02-03,2022-01-28,0.06359443,-0.13691659,0.72316462
180,5,2017-02-28,2022-02-28,0.06104101,-0.13691659,0.69926296
180,5,2017-03-31,2022-03-31,0.05905775,-0.13691659,0.68255606
180,5,2017-05-02,2022-04-29,0.05756262,-0.13691659,0.66662770
180,5,2017-05-31,2022-05-31,0.05388498,-0.13691659,0.63088666
180,5,2017-06-30,2022-06-30,0.05139285,-0.13691659,0.60604097
180,5,2017-07-31,2022-07-29,0.04819021,-0.13691659,0.57238559
180,5,2017-08-31,2022-08-31,0.04833388,-0.13691659,0.57688342
180,5,2017-10-09,2022-09-30,0.04384687,-0.13691659,0.52729022
180,5,2017-10-31,2022-10-31,0.04251277,-0.13691659,0.51543521
180,5,2017-11-30,2022-11-30,0.04277243,-0.13691659,0.51947816
180,5,2018-01-02,2022-12-30,0.03754477,-0.13691659,0.46212077
180,5,2018-01-31,2023-01-31,0.03593996,-0.13691659,0.44697920
180,5,2018-02-28,2023-02-28,0.03910920,-0.13691659,0.49048488
180,5,2018-04-02,2023-03-31,0.04897701,-0.13691659,0.59643635
180,5,2018-05-02,2023-04-28,0.04823885,-0.13691659,0.58531187
180,5,2018-05-31,2023-05-31,0.04763209,-0.13691659,0.57339717
180,5,2018-07-02,2023-06-30,0.05227497,-0.13691659,0.62359665
180,5,2018-07-31,2023-07-31,0.05136595,-0.13691659,0.61282201
180,5,2018-08-31,2023-08-31,0.04400488,-0.13691659,0.52952062
180,5,2018-09-28,2023-09-28,0.03794572,-0.13691659,0.46359545
180,5,2018-10-31,2023-10-31,0.04384483,-0.13691659,0.53107775
180,5,2018-11-30,2023-11-30,0.04666980,-0.13691659,0.56271324
180,5,2019-01-02,2023-12-29,0.05619527,-0.13691659,0.66544862
180,5,2019-01-31,2024-01-31,0.05961638,-0.13691659,0.69432945
180,5,2019-02-28,2024-02-29,0.06488173,-0.13691659,0.74777570
180,5,2019-03-29,2024-03-29,0.06738207,-0.13691659,0.77628851
180,5,2019-04-30,2024-04-30,0.06268891,-0.13691659,0.72498720
180,5,2019-05-31,2024-05-31,0.07406918,-0.13691659,0.85059578
180,5,2019-06-28,2024-06-28,0.06923402,-0.13691659,0.80076058
180,5,2019-07-31,2024-07-31,0.06742742,-0.13691659,0.77646920
180,5,2019-08-30,2024-08-30,0.06751936,-0.13691659,0.76343068
180,5,2019-09-30,2024-09-30,0.07212641,-0.13691659,0.80610040
180,5,2019-10-31,2024-10-31,0.06609104,-0.13691659,0.73842214
180,5,2019-11-29,2024-11-29,0.06579472,-0.13691659,0.73267758
180,5,2019-12-31,2024-12-31,0.06309952,-0.13691659,0.70378189
180,5,2020-02-03,2025-01-27,0.07397890,-0.13691659,0.81584005
180,5,2020-02-28,2025-02-28,0.07061188,-0.10299064,0.80190784
180,5,2020-03-31,2025-03-31,0.08384256,-0.08464974,0.97905576
180,5,2020-04-30,2025-04-30,0.07423070,-0.08464974,0.84858755
180,5,2020-06-01,2025-05-30,0.07727656,-0.08464974,0.87874037
180,5,2020-06-30,2025-06-30,0.08253071,-0.08464974,0.93643540
180,5,2020-07-31,2025-07-31,0.07437918,-0.08464974,0.86727999
180,5,2020-08-31,2025-08-29,0.07009075,-0.08464974,0.82490566
180,5,2020-09-30,2025-09-30,0.09163091,-0.08375960,1.09264122
180,5,2020-11-02,2025-10-31,0.10526153,-0.08375960,1.21888163
180,5,2020-11-30,2025-11-28,0.09608190,-0.08375960,1.09907531
180,5,2020-12-31,2025-12-31,0.09505813,-0.08375960,1.08267018
180,5,2021-02-01,2026-01-30,0.10668917,-0.08375960,1.19280527
180,5,2021-03-01,2026-02-27,0.10447729,-0.08375960,1.13995256
180,5,2021-03-31,2026-03-31,0.08213874,-0.13406587,0.87697041
180,5,2021-04-30,2026-04-30,0.08695473,-0.13406587,0.91482411
180,5,2021-05-31,2026-05-29,0.09306363,-0.13406587,0.96888955
180,5,2021-06-30,2026-06-30,0.09542859,-0.13406587,0.97470549
180,5,2021-08-02,2026-07-31,0.08525643,-0.13406587,0.86618370
180,5,2021-08-31,2026-08-31,0.08580098,-0.13406587,0.87071148
200,3,2013-07-01,2016-06-30,0.05298938,-0.22461149,0.47424473
200,3,2013-07-29,2016-07-29,0.07050263,-0.22461149,0.60425839
200,3,2013-09-02,2016-08-31,0.07834210,-0.22461149,0.66121418
200,3,2013-09-30,2016-09-30,0.07922450,-0.22461149,0.66221962
200,3,2013-10-31,2016-10-31,0.09023485,-0.22461149,0.74902523
200,3,2013-12-02,2016-11-30,0.09727822,-0.22461149,0.79621949
200,3,2013-12-30,2016-12-30,0.10724788,-0.22461149,0.86644164
200,3,2014-01-27,2017-01-26,0.11894064,-0.22461149,0.95059275
200,3,2014-02-28,2017-02-28,0.12420552,-0.22461149,0.99164294
200,3,2014-03-31,2017-03-31,0.13757640,-0.22461149,1.08253325
200,3,2014-04-28,2017-04-28,0.14442803,-0.22461149,1.13335214
200,3,2014-06-03,2017-05-31,0.13232133,-0.22461149,1.04788210
200,3,2014-06-30,2017-06-30,0.12923897,-0.22461149,1.02457623
200,3,2014-07-31,2017-07-31,0.12413987,-0.22461149,0.99062170
200,3,2014-09-01,2017-08-31,0.12010149,-0.22461149,0.96061510
200,3,2014-09-29,2017-09-29,0.12163010,-0.22461149,0.97628758
200,3,2014-10-31,2017-10-31,0.12126771,-0.22461149,0.98068676
200,3,2014-12-01,2017-11-30,0.10821941,-0.22461149,0.88699596
200,3,2014-12-29,2017-12-29,0.09301771,-0.22461149,0.78612252
200,3,2015-02-02,2018-01-31,0.10360011,-0.22461149,0.87842272
200,3,2015-03-02,2018-02-28,0.07731227,-0.22461149,0.66788905
200,3,2015-03-30,2018-03-30,0.05159095,-0.22461149,0.47157929
200,3,2015-04-27,2018-04-27,0.02471714,-0.22461149,0.26653756
200,3,2015-06-01,2018-05-31,0.00801963,-0.22461149,0.12927140
200,3,2015-06-29,2018-06-29,0.04658628,-0.14430679,0.47890806
200,3,2015-07-31,2018-07-31,0.06133225,-0.11855366,0.77897804
200,3,2015-08-31,2018-08-31,0.08189671,-0.08265684,1.17699064
200,3,2015-09-28,2018-09-28,0.08949266,-0.08265684,1.28874486
200,3,2015-11-02,2018-10-31,0.07686323,-0.08265684,1.11133217
200,3,2015-11-30,2018-11-30,0.07684727,-0.08265684,1.10800685
200,3,2015-12-28,2018-12-28,0.06841835,-0.08265684,0.98232527
200,3,2016-02-01,2019-01-31,0.07496975,-0.08265684,1.07981054
200,3,2016-02-29,2019-02-28,0.06929938,-0.08265684,1.00473625
200,3,2016-03-29,2019-03-29,0.07377462,-0.08265684,1.04228748
200,3,2016-05-03,2019-04-30,0.07682786,-0.08265684,1.06783146
200,3,2016-05-31,2019-05-31,0.06131418,-0.08265684,0.83668257
200,3,2016-06-28,2019-06-28,0.07408004,-0.08265684,0.98652802
200,3,2016-08-01,2019-07-31,0.05925438,-0.08265684,0.79058748
200,3,2016-08-30,2019-08-30,0.05700562,-0.08265684,0.75031031
200,3,2016-09-30,2019-09-30,0.05697916,-0.08265684,0.76437778
200,3,2016-10-31,2019-10-31,0.05783940,-0.08265684,0.77448845
200,3,2016-11-29,2019-11-29,0.05291355,-0.08265684,0.72597551
200,3,2017-01-03,2019-12-31,0.07069737,-0.08265684,0.97611728
200,3,2017-01-23,2020-01-23,0.07255424,-0.08265684,0.98914331
200,3,2017-02-28,2020-02-28,0.05543622,-0.08265684,0.69815433
200,3,2017-03-31,2020-03-31,0.03223376,-0.13691659,0.40283427
200,3,2017-05-02,2020-04-30,0.04784650,-0.13691659,0.56889260
200,3,2017-05-31,2020-05-29,0.04009995,-0.13691659,0.48715645
200,3,2017-06-30,2020-06-30,0.04452343,-0.13691659,0.53302085
200,3,2017-07-31,2020-07-31,0.05938776,-0.13691659,0.66926083
200,3,2017-08-31,2020-08-31,0.07635571,-0.13691659,0.83278357
200,3,2017-10-09,2020-09-30,0.05206260,-0.13691659,0.55902311
200,3,2017-10-30,2020-10-30,0.04003742,-0.13691659,0.44261014
200,3,2017-11-30,2020-11-30,0.04925814,-0.13691659,0.53063187
200,3,2018-01-02,2020-12-31,0.05295431,-0.13691659,0.56459075
200,3,2018-01-29,2021-01-29,0.04013978,-0.13691659,0.43852392
200,3,2018-02-26,2021-02-26,0.05978311,-0.13691659,0.62798791
200,3,2018-04-02,2021-03-31,0.07113271,-0.13691659,0.72768297
200,3,2018-05-02,2021-04-30,0.07687732,-0.13691659,0.77498226
200,3,2018-05-31,2021-05-31,0.07560791,-0.13691659,0.76008198
200,3,2018-07-02,2021-06-30,0.07663354,-0.13691659,0.76825656
200,3,2018-07-30,2021-07-30,0.06233577,-0.13691659,0.63602126
200,3,2018-08-31,2021-08-31,0.07064001,-0.13691659,0.71261453
200,3,2018-10-08,2021-09-30,0.06607483,-0.13691659,0.66655275
200,3,2018-10-29,2021-10-29,0.07334188,-0.13691659,0.73796003
200,3,2018-11-30,2021-11-30,0.07569418,-0.13691659,0.76164237
200,3,2019-01-02,2021-12-31,0.08733739,-0.13691659,0.86611851
200,3,2019-01-28,2022-01-28,0.07510647,-0.13691659,0.75336335
200,3,2019-02-28,2022-02-28,0.07730078,-0.13691659,0.77300004
200,3,2019-04-01,2022-03-31,0.06909865,-0.13691659,0.70213454
200,3,2019-04-29,2022-04-29,0.06905779,-0.13691659,0.70411044
200,3,2019-05-31,2022-05-31,0.08318841,-0.13691659,0.84942891
200,3,2019-07-01,2022-06-30,0.06168994,-0.13691659,0.65354137
200,3,2019-07-29,2022-07-29,0.06190608,-0.13691659,0.66146974
200,3,2019-09-02,2022-08-31,0.06266984,-0.13691659,0.67745533
200,3,2019-09-30,2022-09-30,0.06074011,-0.13691659,0.66186689
200,3,2019-10-31,2022-10-31,0.05697678,-0.13691659,0.62767272
200,3,2019-12-02,2022-11-30,0.05091133,-0.13691659,0.56767594
200,3,2019-12-30,2022-12-30,0.03716098,-0.13691659,0.42886618
200,3,2020-02-03,2023-01-31,0.05468359,-0.13691659,0.61916521
200,3,2020-02-28,2023-02-28,0.04246107,-0.10299064,0.51666345
200,3,2020-03-31,2023-03-31,0.06726141,-0.08931230,0.83280942
200,3,2020-04-28,2023-04-28,0.05556247,-0.08931230,0.69825698
200,3,2020-06-01,2023-05-31,0.05547653,-0.08931230,0.68537965
200,3,2020-06-30,2023-06-30,0.06491329,-0.08931230,0.79522281
200,3,2020-07-31,2023-07-31,0.05038126,-0.08931230,0.65330781
200,3,2020-08-31,2023-08-31,0.02255108,-0.08931230,0.31879565
200,3,2020-09-28,2023-09-28,0.03182265,-0.06196152,0.46106386
200,3,2020-11-02,2023-10-31,0.03727587,-0.06366048,0.54203040
200,3,2020-11-30,2023-11-30,0.03423163,-0.06366048,0.50728866
200,3,2020-12-29,2023-12-29,0.03922586,-0.06366048,0.57565522
200,3,2021-02-01,2024-01-31,0.04247458,-0.06366048,0.61944616
200,3,2021-03-01,2024-02-29,0.04194643,-0.06366048,0.63671087
200,3,2021-03-29,2024-03-29,0.05649224,-0.06366048,0.87166767
200,3,2021-04-30,2024-04-30,0.04359113,-0.06366048,0.67970009
200,3,2021-05-31,2024-05-31,0.04537009,-0.06366048,0.70497146
200,3,2021-06-28,2024-06-28,0.04602346,-0.06366048,0.71254418
200,3,2021-08-02,2024-07-31,0.04651687,-0.06366048,0.70137457
200,3,2021-08-30,2024-08-30,0.04376204,-0.08375960,0.61925169
200,3,2021-09-30,2024-09-30,0.05702635,-0.08375960,0.77619764
200,3,2021-11-01,2024-10-31,0.04974483,-0.08375960,0.67061015
200,3,2021-11-29,2024-11-29,0.04959615,-0.08375960,0.66164346
200,3,2021-12-31,2024-12-31,0.04927303,-0.08375960,0.65676589
200,3,2022-01-27,2025-01-27,0.06827406,-0.08375960,0.86924801
200,3,2022-02-28,2025-02-28,0.06594756,-0.08375960,0.82597841
200,3,2022-03-31,2025-03-31,0.06324811,-0.08375960,0.78960208
200,3,2022-05-05,2025-04-30,0.06362498,-0.08375960,0.74453711
200,3,2022-05-30,2025-05-30,0.06787894,-0.08375960,0.78765831
200,3,2022-06-30,2025-06-30,0.08322064,-0.08375960,0.94556053
200,3,2022-08-01,2025-07-31,0.09016825,-0.08375960,1.00987439
200,3,2022-08-29,2025-08-29,0.10043548,-0.08375960,1.10306165
200,3,2022-09-30,2025-09-30,0.12021386,-0.08375960,1.28893907
200,3,2022-10-31,2025-10-31,0.13422965,-0.08375960,1.37400330
200,3,2022-11-28,2025-11-28,0.12815516,-0.08375960,1.27514588
200,3,2023-01-03,2025-12-31,0.14301737,-0.08375960,1.39579865
200,3,2023-01-30,2026-01-30,0.15581593,-0.08375960,1.46638811
200,3,2023-02-27,2026-02-27,0.17047762,-0.08375960,1.51974617
200,3,2023-03-31,2026-03-31,0.11882463,-0.13406587,1.04861367
200,3,2023-05-04,2026-04-30,0.13474513,-0.13406587,1.15385039
200,3,2023-05-29,2026-05-29,0.14370574,-0.13406587,1.22533050
200,3,2023-06-30,2026-06-30,0.13625961,-0.13406587,1.13669476
200,3,2023-07-31,2026-07-31,0.11330195,-0.13406587,0.94753252
200,3,2023-08-31,2026-08-31,0.13068028,-0.13406587,1.08341241
200,5,2013-07-01,2018-06-29,0.07066383,-0.22461149,0.68127172
200,5,2013-07-31,2018-07-31,0.07587857,-0.22461149,0.72584030
200,5,2013-09-02,2018-08-31,0.08055332,-0.22461149,0.76321255
200,5,2013-09-30,2018-09-28,0.08045214,-0.22461149,0.76162799
200,5,2013-10-31,2018-10-31,0.07957035,-0.22461149,0.75948966
200,5,2013-12-02,2018-11-30,0.07971143,-0.22461149,0.76124531
200,5,2013-12-30,2018-12-28,0.08612527,-0.22461149,0.81855164
200,5,2014-02-07,2019-01-31,0.09260637,-0.22461149,0.87531952
200,5,2014-02-28,2019-02-28,0.09087016,-0.22461149,0.86588183
200,5,2014-03-31,2019-03-29,0.09904913,-0.22461149,0.93540045
200,5,2014-04-30,2019-04-30,0.10310735,-0.22461149,0.97179331
200,5,2014-06-03,2019-05-31,0.08599581,-0.22461149,0.81741771
200,5,2014-06-30,2019-06-28,0.09285604,-0.22461149,0.87262923
200,5,2014-07-31,2019-07-31,0.08773587,-0.22461149,0.82710617
200,5,2014-09-01,2019-08-30,0.08502193,-0.22461149,0.80079192
200,5,2014-09-30,2019-09-30,0.08397601,-0.22461149,0.79500412
200,5,2014-10-31,2019-10-31,0.08393678,-0.22461149,0.79757363
200,5,2014-12-01,2019-11-29,0.07846553,-0.22461149,0.75251115
200,5,2014-12-31,2019-12-31,0.07355937,-0.22461149,0.72021730
200,5,2015-01-23,2020-01-23,0.06962791,-0.22461149,0.69177429
200,5,2015-03-02,2020-02-28,0.06233551,-0.22461149,0.61066038
200,5,2015-03-31,2020-03-31,0.04193734,-0.22461149,0.42398436
200,5,2015-04-30,2020-04-30,0.03469760,-0.22461149,0.36760388
200,5,2015-05-29,2020-05-29,0.02487969,-0.22461149,0.28509926
200,5,2015-06-30,2020-06-30,0.03675041,-0.13691659,0.40684516
200,5,2015-07-31,2020-07-31,0.06024910,-0.13691659,0.70358360
200,5,2015-08-31,2020-08-31,0.08229951,-0.13691659,0.98944259
200,5,2015-09-30,2020-09-30,0.07652877,-0.13691659,0.89275618
200,5,2015-10-30,2020-10-30,0.06679149,-0.13691659,0.78284283
200,5,2015-11-30,2020-11-30,0.07210889,-0.13691659,0.83644951
200,5,2015-12-31,2020-12-31,0.07352982,-0.13691659,0.84898248
200,5,2016-01-29,2021-01-29,0.07852070,-0.13691659,0.89274341
200,5,2016-02-26,2021-02-26,0.07908384,-0.13691659,0.88419587
200,5,2016-03-31,2021-03-31,0.07736965,-0.13691659,0.85354037
200,5,2016-05-03,2021-04-30,0.08212791,-0.13691659,0.89643704
200,5,2016-05-31,2021-05-31,0.08312999,-0.13691659,0.90300799
200,5,2016-06-30,2021-06-30,0.08404782,-0.13691659,0.91006702
200,5,2016-08-01,2021-07-30,0.07238262,-0.13691659,0.79134872
200,5,2016-08-31,2021-08-31,0.07591185,-0.13691659,0.82600160
200,5,2016-09-30,2021-09-30,0.07136497,-0.13691659,0.78801327
200,5,2016-10-31,2021-10-29,0.06909000,-0.13691659,0.76487271
200,5,2016-11-30,2021-11-30,0.06693196,-0.13691659,0.74938492
200,5,2017-01-03,2021-12-31,0.07508771,-0.13691659,0.83841668
200,5,2017-02-03,2022-01-28,0.06588590,-0.13691659,0.74239572
200,5,2017-02-28,2022-02-28,0.06331947,-0.13691659,0.71866293
200,5,2017-03-31,2022-03-31,0.06133196,-0.13691659,0.70216392
200,5,2017-05-02,2022-04-29,0.06119119,-0.13691659,0.70083594
200,5,2017-05-31,2022-05-31,0.05753396,-0.13691659,0.66578124
200,5,2017-06-30,2022-06-30,0.05502307,-0.13691659,0.64107124
200,5,2017-07-31,2022-07-29,0.05181333,-0.13691659,0.60768678
200,5,2017-08-31,2022-08-31,0.05196948,-0.13691659,0.61248024
200,5,2017-10-09,2022-09-30,0.04714941,-0.13691659,0.55973475
200,5,2017-10-31,2022-10-31,0.04619350,-0.13691659,0.55210569
200,5,2017-11-30,2022-11-30,0.04553390,-0.13691659,0.54690915
200,5,2018-01-02,2022-12-30,0.04002443,-0.13691659,0.48695142
200,5,2018-01-31,2023-01-31,0.03841174,-0.13691659,0.47199420
200,5,2018-02-28,2023-02-28,0.04158849,-0.13691659,0.51576114
200,5,2018-04-02,2023-03-31,0.05148259,-0.13691659,0.62098979
200,5,2018-05-02,2023-04-28,0.05083558,-0.13691659,0.61080785
200,5,2018-05-31,2023-05-31,0.05022927,-0.13691659,0.59910278
200,5,2018-07-02,2023-06-30,0.05458814,-0.13691659,0.64590155
200,5,2018-07-31,2023-07-31,0.05367460,-0.13691659,0.63511749
200,5,2018-08-31,2023-08-31,0.04629736,-0.13691659,0.55202490
200,5,2018-09-28,2023-09-28,0.04052383,-0.13691659,0.48935105
200,5,2018-10-31,2023-10-31,0.04350768,-0.13691659,0.52283621
200,5,2018-11-30,2023-11-30,0.04645807,-0.13691659,0.55544155
200,5,2019-01-02,2023-12-29,0.05598125,-0.13691659,0.65704679
200,5,2019-01-31,2024-01-31,0.05940213,-0.13691659,0.68584944
200,5,2019-02-28,2024-02-29,0.06466654,-0.13691659,0.73880070
200,5,2019-03-29,2024-03-29,0.06702905,-0.13691659,0.76689276
200,5,2019-04-30,2024-04-30,0.06195442,-0.13691659,0.71237896
200,5,2019-05-31,2024-05-31,0.07332718,-0.13691659,0.83682241
200,5,2019-06-28,2024-06-28,0.06849535,-0.13691659,0.78736016
200,5,2019-07-31,2024-07-31,0.06669000,-0.13691659,0.76340893
200,5,2019-08-30,2024-08-30,0.06678187,-0.13691659,0.75085587
200,5,2019-09-30,2024-09-30,0.07138574,-0.13691659,0.79332569
200,5,2019-10-31,2024-10-31,0.06523709,-0.13691659,0.72577034
200,5,2019-11-29,2024-11-29,0.06480972,-0.13691659,0.71884405
200,5,2019-12-31,2024-12-31,0.06212109,-0.13691659,0.69017364
200,5,2020-02-03,2025-01-27,0.07301557,-0.13691659,0.80163707
200,5,2020-02-28,2025-02-28,0.06965526,-0.10299064,0.78732775
200,5,2020-03-31,2025-03-31,0.08035875,-0.08931230,0.93469115
200,5,2020-04-30,2025-04-30,0.07006818,-0.08931230,0.79998485
200,5,2020-06-01,2025-05-30,0.07307428,-0.08931230,0.82971434
200,5,2020-06-30,2025-06-30,0.07831255,-0.08931230,0.88682534
200,5,2020-07-31,2025-07-31,0.07019278,-0.08931230,0.81705400
200,5,2020-08-31,2025-08-29,0.06591650,-0.08931230,0.77467980
200,5,2020-09-30,2025-09-30,0.08737729,-0.08375960,1.03802131
200,5,2020-11-02,2025-10-31,0.10218581,-0.08375960,1.17874146
200,5,2020-11-30,2025-11-28,0.09302975,-0.08375960,1.06072135
200,5,2020-12-31,2025-12-31,0.09201173,-0.08375960,1.04472399
200,5,2021-02-01,2026-01-30,0.10360704,-0.08375960,1.15452725
200,5,2021-03-01,2026-02-27,0.10132047,-0.08375960,1.10253382
200,5,2021-03-31,2026-03-31,0.07935990,-0.13406587,0.84877052
200,5,2021-04-30,2026-04-30,0.08423989,-0.13406587,0.88660764
200,5,2021-05-31,2026-05-29,0.09124649,-0.13406587,0.94895014
200,5,2021-06-30,2026-06-30,0.08929035,-0.13406587,0.90946209
200,5,2021-08-02,2026-07-31,0.08046618,-0.13406587,0.81665117
200,5,2021-08-31,2026-08-31,0.08113052,-0.13406587,0.82206078
220,3,2013-07-01,2016-06-30,0.05180087,-0.23226723,0.46155088
220,3,2013-07-29,2016-07-29,0.06929529,-0.23226723,0.59014007
220,3,2013-09-02,2016-08-31,0.07712370,-0.23226723,0.64647176
220,3,2013-09-30,2016-09-30,0.07800732,-0.23226723,0.64770399
220,3,2013-10-31,2016-10-31,0.08900526,-0.23226723,0.73330472
220,3,2013-12-02,2016-11-30,0.09603842,-0.23226723,0.78006054
220,3,2013-12-30,2016-12-30,0.10599910,-0.23226723,0.84955669
220,3,2014-01-27,2017-01-26,0.11767752,-0.23226723,0.93271217
220,3,2014-02-28,2017-02-28,0.12384838,-0.23226723,0.97607360
220,3,2014-03-31,2017-03-31,0.14045177,-0.23226723,1.08759804
220,3,2014-04-28,2017-04-28,0.14426105,-0.23226723,1.11451363
220,3,2014-06-03,2017-05-31,0.13203345,-0.23226723,1.02960888
220,3,2014-06-30,2017-06-30,0.12556703,-0.23226723,0.98388425
220,3,2014-07-31,2017-07-31,0.11904277,-0.23226723,0.94050695
220,3,2014-09-01,2017-08-31,0.11501808,-0.23226723,0.91105012
220,3,2014-09-29,2017-09-29,0.11654437,-0.23226723,0.92607994
220,3,2014-10-31,2017-10-31,0.11618362,-0.23226723,0.92992072
220,3,2014-12-01,2017-11-30,0.10300616,-0.23226723,0.83646224
220,3,2014-12-29,2017-12-29,0.08482229,-0.23226723,0.71796157
220,3,2015-02-02,2018-01-31,0.09234285,-0.23226723,0.78389550
220,3,2015-03-02,2018-02-28,0.06632376,-0.23226723,0.57839741
220,3,2015-03-30,2018-03-30,0.04088427,-0.23226723,0.38503326
220,3,2015-04-27,2018-04-27,0.01270028,-0.23226723,0.16688927
220,3,2015-06-01,2018-05-31,-0.00120532,-0.23226723,0.04997177
220,3,2015-06-29,2018-06-29,0.03703524,-0.15275541,0.38757214
220,3,2015-07-31,2018-07-31,0.05162856,-0.13611091,0.64333033
220,3,2015-08-31,2018-08-31,0.07200503,-0.08265684,0.99427673
220,3,2015-09-28,2018-09-28,0.07953152,-0.08265684,1.09821246
220,3,2015-11-02,2018-10-31,0.06699964,-0.08265684,0.93125485
220,3,2015-11-30,2018-11-30,0.06700175,-0.08265684,0.92900610
220,3,2015-12-28,2018-12-28,0.05834625,-0.08265684,0.81101816
220,3,2016-02-01,2019-01-31,0.08016508,-0.08265684,1.13121614
220,3,2016-02-29,2019-02-28,0.07444245,-0.08265684,1.05713442
220,3,2016-03-29,2019-03-29,0.07893469,-0.08265684,1.09324884
220,3,2016-05-03,2019-04-30,0.08201210,-0.08265684,1.11800386
220,3,2016-05-31,2019-05-31,0.06486892,-0.08265684,0.87634379
220,3,2016-06-28,2019-06-28,0.07811492,-0.08265684,1.03056051
220,3,2016-08-01,2019-07-31,0.06323328,-0.08265684,0.83510487
220,3,2016-08-30,2019-08-30,0.06097244,-0.08265684,0.79428036
220,3,2016-09-30,2019-09-30,0.06094588,-0.08265684,0.80911219
220,3,2016-10-31,2019-10-31,0.06180935,-0.08265684,0.81912844
220,3,2016-11-29,2019-11-29,0.05414012,-0.08265684,0.73195443
220,3,2017-01-03,2019-12-31,0.07214130,-0.08265684,0.98074660
220,3,2017-01-23,2020-01-23,0.07396639,-0.08265684,0.99332168
220,3,2017-02-28,2020-02-28,0.05524003,-0.08265684,0.68949020
220,3,2017-03-31,2020-03-31,0.03189276,-0.13691660,0.39636986
220,3,2017-05-02,2020-04-30,0.04749873,-0.13691660,0.56095542
220,3,2017-05-31,2020-05-29,0.04022763,-0.13691660,0.48440477
220,3,2017-06-30,2020-06-30,0.04511319,-0.13691660,0.53510377
220,3,2017-07-31,2020-07-31,0.06020685,-0.13691660,0.67247713
220,3,2017-08-31,2020-08-31,0.07718749,-0.13691660,0.83464045
220,3,2017-10-09,2020-09-30,0.05288233,-0.13691660,0.56324246
220,3,2017-10-30,2020-10-30,0.04084112,-0.13691660,0.44769579
220,3,2017-11-30,2020-11-30,0.04683951,-0.13691660,0.50446865
220,3,2018-01-02,2020-12-31,0.05150631,-0.13691660,0.54716642
220,3,2018-01-29,2021-01-29,0.03869678,-0.13691660,0.42231239
220,3,2018-02-26,2021-02-26,0.05825916,-0.13691660,0.60946077
220,3,2018-04-02,2021-03-31,0.06933803,-0.13691660,0.70620279
220,3,2018-05-02,2021-04-30,0.07713120,-0.13691660,0.77307130
220,3,2018-05-31,2021-05-31,0.07412445,-0.13691660,0.74347778
220,3,2018-07-02,2021-06-30,0.07499808,-0.13691660,0.75029825
220,3,2018-07-30,2021-07-30,0.06123953,-0.13691660,0.62365969
220,3,2018-08-31,2021-08-31,0.06943168,-0.13691660,0.69898369
220,3,2018-10-08,2021-09-30,0.06486272,-0.13691660,0.65314333
220,3,2018-10-29,2021-10-29,0.07322634,-0.13691660,0.73280775
220,3,2018-11-30,2021-11-30,0.07607181,-0.13691660,0.76060582
220,3,2019-01-02,2021-12-31,0.08769943,-0.13691660,0.86433288
220,3,2019-01-28,2022-01-28,0.07580429,-0.13691660,0.75553588
220,3,2019-02-28,2022-02-28,0.07790391,-0.13691660,0.77425507
220,3,2019-04-01,2022-03-31,0.06969773,-0.13691660,0.70380439
220,3,2019-04-29,2022-04-29,0.06965630,-0.13691660,0.70575975
220,3,2019-05-31,2022-05-31,0.08306535,-0.13691660,0.84108992
220,3,2019-07-01,2022-06-30,0.06096082,-0.13691660,0.64115089
220,3,2019-07-29,2022-07-29,0.06117747,-0.13691660,0.64880564
220,3,2019-09-02,2022-08-31,0.06193937,-0.13691660,0.66431150
220,3,2019-09-30,2022-09-30,0.06089504,-0.13691660,0.65729450
220,3,2019-10-31,2022-10-31,0.05746197,-0.13691660,0.62663653
220,3,2019-12-02,2022-11-30,0.05409010,-0.13691660,0.59623326
220,3,2019-12-30,2022-12-30,0.04238654,-0.13691660,0.47894963
220,3,2020-02-03,2023-01-31,0.05954436,-0.13691660,0.66507456
220,3,2020-02-28,2023-02-28,0.04724855,-0.10299064,0.56538938
220,3,2020-03-31,2023-03-31,0.07216731,-0.08931230,0.88242920
220,3,2020-04-28,2023-04-28,0.06041460,-0.08931230,0.74881285
220,3,2020-06-01,2023-05-31,0.06098455,-0.08931230,0.74599645
220,3,2020-06-30,2023-06-30,0.07055947,-0.08931230,0.85696605
220,3,2020-07-31,2023-07-31,0.05726093,-0.08931230,0.73270409
220,3,2020-08-31,2023-08-31,0.02961381,-0.08931230,0.40337355
220,3,2020-09-28,2023-09-28,0.03895373,-0.05406587,0.55238407
220,3,2020-11-02,2023-10-31,0.04439079,-0.06130389,0.63429671
220,3,2020-11-30,2023-11-30,0.04459491,-0.06130389,0.64505099
220,3,2020-12-29,2023-12-29,0.04865937,-0.06130389,0.70108682
220,3,2021-02-01,2024-01-31,0.05262493,-0.06130389,0.75276335
220,3,2021-03-01,2024-02-29,0.05193738,-0.06130389,0.77412955
220,3,2021-03-29,2024-03-29,0.06668391,-0.06130389,1.01505336
220,3,2021-04-30,2024-04-30,0.05278428,-0.06130389,0.81256011
220,3,2021-05-31,2024-05-31,0.05464174,-0.06130389,0.83923331
220,3,2021-06-28,2024-06-28,0.05547476,-0.06130389,0.84921701
220,3,2021-08-02,2024-07-31,0.05555016,-0.06130389,0.82760995
220,3,2021-08-30,2024-08-30,0.05385841,-0.08102837,0.75322284
220,3,2021-09-30,2024-09-30,0.06784904,-0.08102837,0.91646845
220,3,2021-11-01,2024-10-31,0.05800317,-0.08102837,0.77947083
220,3,2021-11-29,2024-11-29,0.05674989,-0.08102837,0.75421898
220,3,2021-12-31,2024-12-31,0.05651664,-0.08102837,0.74992915
220,3,2022-01-27,2025-01-27,0.07526453,-0.08102837,0.95704489
220,3,2022-02-28,2025-02-28,0.07306230,-0.08102837,0.91298434
220,3,2022-03-31,2025-03-31,0.07034483,-0.08102837,0.87564039
220,3,2022-05-05,2025-04-30,0.07075686,-0.08102837,0.82430871
220,3,2022-05-30,2025-05-30,0.07500657,-0.08102837,0.86704416
220,3,2022-06-30,2025-06-30,0.09045067,-0.08102837,1.02552606
220,3,2022-08-01,2025-07-31,0.09745132,-0.08102837,1.08960232
220,3,2022-08-29,2025-08-29,0.10778041,-0.08102837,1.18229644
220,3,2022-09-30,2025-09-30,0.12675248,-0.08102837,1.35938854
220,3,2022-10-31,2025-10-31,0.14049319,-0.08102837,1.43870046
220,3,2022-11-28,2025-11-28,0.13438483,-0.08102837,1.33684513
220,3,2023-01-03,2025-12-31,0.14737582,-0.08102837,1.43972584
220,3,2023-01-30,2026-01-30,0.16023304,-0.08102837,1.50924425
220,3,2023-02-27,2026-02-27,0.17494806,-0.08102837,1.56043872
220,3,2023-03-31,2026-03-31,0.12309779,-0.13406587,1.08527890
220,3,2023-05-04,2026-04-30,0.13924196,-0.13406587,1.19140697
220,3,2023-05-29,2026-05-29,0.14668408,-0.13406587,1.24957344
220,3,2023-06-30,2026-06-30,0.13876790,-0.13406587,1.15655318
220,3,2023-07-31,2026-07-31,0.11437777,-0.13406587,0.95672853
220,3,2023-08-31,2026-08-31,0.13137167,-0.13406587,1.08993764
220,5,2013-07-01,2018-06-29,0.07155529,-0.23226723,0.68178764
220,5,2013-07-31,2018-07-31,0.07676228,-0.23226723,0.72572120
220,5,2013-09-02,2018-08-31,0.08144185,-0.23226723,0.76265743
220,5,2013-09-30,2018-09-28,0.08134059,-0.23226723,0.76109493
220,5,2013-10-31,2018-10-31,0.08045710,-0.23226723,0.75891386
220,5,2013-12-02,2018-11-30,0.08059927,-0.23226723,0.76062740
220,5,2013-12-30,2018-12-28,0.08701838,-0.23226723,0.81717485
220,5,2014-02-07,2019-01-31,0.09350728,-0.23226723,0.87317156
220,5,2014-02-28,2019-02-28,0.09131448,-0.23226723,0.85779517
220,5,2014-03-31,2019-03-29,0.10128088,-0.23226723,0.94096752
220,5,2014-04-30,2019-04-30,0.10392215,-0.23226723,0.96319002
220,5,2014-06-03,2019-05-31,0.08682556,-0.23226723,0.81311575
220,5,2014-06-30,2019-06-28,0.09208874,-0.23226723,0.85499930
220,5,2014-07-31,2019-07-31,0.08626825,-0.23226723,0.80447500
220,5,2014-09-01,2019-08-30,0.08355611,-0.23226723,0.77866919
220,5,2014-09-30,2019-09-30,0.08251320,-0.23226723,0.77285935
220,5,2014-10-31,2019-10-31,0.08247402,-0.23226723,0.77525073
220,5,2014-12-01,2019-11-29,0.07523316,-0.23226723,0.71429467
220,5,2014-12-31,2019-12-31,0.06835309,-0.23226723,0.66781860
220,5,2015-01-23,2020-01-23,0.06332211,-0.23226723,0.62832065
220,5,2015-03-02,2020-02-28,0.05573854,-0.23226723,0.54761135
220,5,2015-03-31,2020-03-31,0.03547761,-0.23226723,0.36541930
220,5,2015-04-30,2020-04-30,0.02828275,-0.23226723,0.30836254
220,5,2015-05-29,2020-05-29,0.01880306,-0.23226723,0.22789289
220,5,2015-06-30,2020-06-30,0.03088285,-0.14621877,0.34725705
220,5,2015-07-31,2020-07-31,0.05424855,-0.13691660,0.62823846
220,5,2015-08-31,2020-08-31,0.07617417,-0.13691660,0.90156367
220,5,2015-09-30,2020-09-30,0.07043608,-0.13691660,0.81115411
220,5,2015-10-30,2020-10-30,0.06075391,-0.13691660,0.70444067
220,5,2015-11-30,2020-11-30,0.06407321,-0.13691660,0.73648011
220,5,2015-12-31,2020-12-31,0.06582886,-0.13691660,0.75350352
220,5,2016-01-29,2021-01-29,0.07974479,-0.13691660,0.89821629
220,5,2016-02-26,2021-02-26,0.08057579,-0.13691660,0.89244644
220,5,2016-03-31,2021-03-31,0.07888904,-0.13691660,0.86234136
220,5,2016-05-03,2021-04-30,0.08440336,-0.13691660,0.91158233
220,5,2016-05-31,2021-05-31,0.08396697,-0.13691660,0.90464077
220,5,2016-06-30,2021-06-30,0.08468479,-0.13691660,0.90958172
220,5,2016-08-01,2021-07-30,0.07332637,-0.13691660,0.79508004
220,5,2016-08-31,2021-08-31,0.07679509,-0.13691660,0.82889472
220,5,2016-09-30,2021-09-30,0.07224443,-0.13691660,0.79117287
220,5,2016-10-31,2021-10-29,0.07062560,-0.13691660,0.77379065
220,5,2016-11-30,2021-11-30,0.06875696,-0.13691660,0.76131837
220,5,2017-01-03,2021-12-31,0.07691759,-0.13691660,0.84951788
220,5,2017-02-03,2022-01-28,0.06779941,-0.13691660,0.75545508
220,5,2017-02-28,2022-02-28,0.06431294,-0.13691660,0.72320927
220,5,2017-03-31,2022-03-31,0.06223135,-0.13691660,0.70590128
220,5,2017-05-02,2022-04-29,0.06209135,-0.13691660,0.70457221
220,5,2017-05-31,2022-05-31,0.05842955,-0.13691660,0.66982818
220,5,2017-06-30,2022-06-30,0.05591018,-0.13691660,0.64568558
220,5,2017-07-31,2022-07-29,0.05283056,-0.13691660,0.61397320
220,5,2017-08-31,2022-08-31,0.05298549,-0.13691660,0.61872817
220,5,2017-10-09,2022-09-30,0.04869220,-0.13691660,0.57195953
220,5,2017-10-31,2022-10-31,0.04792405,-0.13691660,0.56646512
220,5,2017-11-30,2022-11-30,0.04726353,-0.13691660,0.56135411
220,5,2018-01-02,2022-12-30,0.04307394,-0.13691660,0.51621971
220,5,2018-01-31,2023-01-31,0.04119051,-0.13691660,0.49868165
220,5,2018-02-28,2023-02-28,0.04437343,-0.13691660,0.54252078
220,5,2018-04-02,2023-03-31,0.05411921,-0.13691660,0.64474003
220,5,2018-05-02,2023-04-28,0.05395445,-0.13691660,0.64107438
220,5,2018-05-31,2023-05-31,0.05333503,-0.13691660,0.63063770
220,5,2018-07-02,2023-06-30,0.05776584,-0.13691660,0.67799633
220,5,2018-07-31,2023-07-31,0.05763235,-0.13691660,0.67530775
220,5,2018-08-31,2023-08-31,0.05045092,-0.13691660,0.59454531
220,5,2018-09-28,2023-09-28,0.04465707,-0.13691660,0.53202085
220,5,2018-10-31,2023-10-31,0.04765277,-0.13691660,0.56554100
220,5,2018-11-30,2023-11-30,0.05061488,-0.13691660,0.59812713
220,5,2019-01-02,2023-12-29,0.06018512,-0.13691660,0.69949172
220,5,2019-01-31,2024-01-31,0.06401236,-0.13691660,0.73135550
220,5,2019-02-28,2024-02-29,0.06918253,-0.13691660,0.78292799
220,5,2019-03-29,2024-03-29,0.07161390,-0.13691660,0.81180477
220,5,2019-04-30,2024-04-30,0.06672978,-0.13691660,0.75974533
220,5,2019-05-31,2024-05-31,0.07769921,-0.13691660,0.87762033
220,5,2019-06-28,2024-06-28,0.07247826,-0.13691660,0.82453151
220,5,2019-07-31,2024-07-31,0.07066711,-0.13691660,0.80048962
220,5,2019-08-30,2024-08-30,0.07143244,-0.13691660,0.79538878
220,5,2019-09-30,2024-09-30,0.07641800,-0.13691660,0.84133757
220,5,2019-10-31,2024-10-31,0.06968558,-0.13691660,0.76823585
220,5,2019-11-29,2024-11-29,0.07023736,-0.13691660,0.77264090
220,5,2019-12-31,2024-12-31,0.06746472,-0.13691660,0.74307847
220,5,2020-02-03,2025-01-27,0.07845317,-0.13691660,0.85508996
220,5,2020-02-28,2025-02-28,0.07505509,-0.10299064,0.84206932
220,5,2020-03-31,2025-03-31,0.08581563,-0.08931230,0.99191019
220,5,2020-04-30,2025-04-30,0.07547308,-0.08931230,0.85539274
220,5,2020-06-01,2025-05-30,0.07791347,-0.08931230,0.87990131
220,5,2020-06-30,2025-06-30,0.08317003,-0.08931230,0.93717999
220,5,2020-07-31,2025-07-31,0.07501368,-0.08931230,0.86840015
220,5,2020-08-31,2025-08-29,0.07072341,-0.08931230,0.82630334
220,5,2020-09-30,2025-09-30,0.09227560,-0.08102837,1.09175765
220,5,2020-11-02,2025-10-31,0.10711372,-0.08102837,1.23122285
220,5,2020-11-30,2025-11-28,0.09999296,-0.08102837,1.13403690
220,5,2020-12-31,2025-12-31,0.09834480,-0.08102837,1.11151227
220,5,2021-02-01,2026-01-30,0.11002459,-0.08102837,1.22102594
220,5,2021-03-01,2026-02-27,0.10775200,-0.08102837,1.16734129
220,5,2021-03-31,2026-03-31,0.08563228,-0.13406587,0.91012651
220,5,2021-04-30,2026-04-30,0.08978794,-0.13406587,0.94075044
220,5,2021-05-31,2026-05-29,0.09689524,-0.13406587,1.00373104
220,5,2021-06-30,2026-06-30,0.09501287,-0.13406587,0.96357990
220,5,2021-08-02,2026-07-31,0.08589523,-0.13406587,0.86729147
220,5,2021-08-31,2026-08-31,0.08655690,-0.13406587,0.87260141
240,3,2013-07-01,2016-06-30,0.05352760,-0.23383599,0.46078283
240,3,2013-07-29,2016-07-29,0.07085006,-0.23383599,0.58285380
240,3,2013-09-02,2016-08-31,0.07869149,-0.23383599,0.63697790
240,3,2013-09-30,2016-09-30,0.07957354,-0.23383599,0.63848393
240,3,2013-10-31,2016-10-31,0.09616064,-0.23383599,0.76332843
240,3,2013-12-02,2016-11-30,0.10267051,-0.23383599,0.80479921
240,3,2013-12-30,2016-12-30,0.11261578,-0.23383599,0.87132043
240,3,2014-01-27,2017-01-26,0.12333792,-0.23383599,0.94469747
240,3,2014-02-28,2017-02-28,0.12993344,-0.23383599,0.98936347
240,3,2014-03-31,2017-03-31,0.14045186,-0.23383599,1.05214074
240,3,2014-04-28,2017-04-28,0.14756033,-0.23383599,1.10111538
240,3,2014-06-03,2017-05-31,0.13864247,-0.23383599,1.04075678
240,3,2014-06-30,2017-06-30,0.13212392,-0.23383599,0.99666344
240,3,2014-07-31,2017-07-31,0.12128622,-0.23383599,0.92751020
240,3,2014-09-01,2017-08-31,0.11628736,-0.23383599,0.89150914
240,3,2014-09-29,2017-09-29,0.11380937,-0.23383599,0.87841589
240,3,2014-10-31,2017-10-31,0.11306120,-0.23383599,0.87896150
240,3,2014-12-01,2017-11-30,0.09946331,-0.23383599,0.78594967
240,3,2014-12-29,2017-12-29,0.08080475,-0.23383599,0.66746152
240,3,2015-02-02,2018-01-31,0.08919805,-0.23383599,0.74411179
240,3,2015-03-02,2018-02-28,0.06324089,-0.23383599,0.54473978
240,3,2015-03-30,2018-03-30,0.03788044,-0.23383599,0.35624876
240,3,2015-04-27,2018-04-27,0.00977780,-0.23383599,0.14269372
240,3,2015-06-01,2018-05-31,-0.00409030,-0.23383599,0.02790332
240,3,2015-06-29,2018-06-29,0.03404252,-0.15448665,0.35360211
240,3,2015-07-31,2018-07-31,0.04859373,-0.14453550,0.58175032
240,3,2015-08-31,2018-08-31,0.07152655,-0.08265684,0.97822307
240,3,2015-09-28,2018-09-28,0.08029878,-0.08265684,1.10035616
240,3,2015-11-02,2018-10-31,0.06791190,-0.08265684,0.93665211
240,3,2015-11-30,2018-11-30,0.06412161,-0.08265684,0.89166314
240,3,2015-12-28,2018-12-28,0.05489021,-0.08265684,0.76650004
240,3,2016-02-01,2019-01-31,0.07771813,-0.08265684,1.10288344
240,3,2016-02-29,2019-02-28,0.07097817,-0.08265684,1.01485064
240,3,2016-03-29,2019-03-29,0.07632640,-0.08265684,1.05292978
240,3,2016-05-03,2019-04-30,0.07971930,-0.08265684,1.07938958
240,3,2016-05-31,2019-05-31,0.06223332,-0.08265684,0.83237398
240,3,2016-06-28,2019-06-28,0.07414959,-0.08265684,0.96606747
240,3,2016-08-01,2019-07-31,0.06076681,-0.08265684,0.79215214
240,3,2016-08-30,2019-08-30,0.05851346,-0.08265684,0.75307053
240,3,2016-09-30,2019-09-30,0.05848696,-0.08265684,0.76652677
240,3,2016-10-31,2019-10-31,0.05922255,-0.08265684,0.77359486
240,3,2016-11-29,2019-11-29,0.05254368,-0.08265684,0.69873896
240,3,2017-01-03,2019-12-31,0.07134635,-0.08265684,0.95247863
240,3,2017-01-23,2020-01-23,0.07326861,-0.08265684,0.96665978
240,3,2017-02-28,2020-02-28,0.05434669,-0.08265684,0.66965421
240,3,2017-03-31,2020-03-31,0.03089877,-0.13691660,0.38155688
240,3,2017-05-02,2020-04-30,0.04648773,-0.13691660,0.54389874
240,3,2017-05-31,2020-05-29,0.04205250,-0.13691660,0.49638255
240,3,2017-06-30,2020-06-30,0.04733310,-0.13691660,0.55239720
240,3,2017-07-31,2020-07-31,0.06189026,-0.13691660,0.68233196
240,3,2017-08-31,2020-08-31,0.08030421,-0.13691660,0.85836188
240,3,2017-10-09,2020-09-30,0.05620739,-0.13691660,0.59056805
240,3,2017-10-30,2020-10-30,0.04403212,-0.13691660,0.47497098
240,3,2017-11-30,2020-11-30,0.05005537,-0.13691660,0.53136596
240,3,2018-01-02,2020-12-31,0.05528006,-0.13691660,0.57849769
240,3,2018-01-29,2021-01-29,0.04051239,-0.13691660,0.43636152
240,3,2018-02-26,2021-02-26,0.06044510,-0.13691660,0.62504124
240,3,2018-04-02,2021-03-31,0.07169764,-0.13691660,0.72237246
240,3,2018-05-02,2021-04-30,0.07966161,-0.13691660,0.78997267
240,3,2018-05-31,2021-05-31,0.07657856,-0.13691660,0.75997134
240,3,2018-07-02,2021-06-30,0.07757288,-0.13691660,0.76774288
240,3,2018-07-30,2021-07-30,0.06415977,-0.13691660,0.64560404
240,3,2018-08-31,2021-08-31,0.07233690,-0.13691660,0.72006262
240,3,2018-10-08,2021-09-30,0.06777684,-0.13691660,0.67458097
240,3,2018-10-29,2021-10-29,0.07614188,-0.13691660,0.75360463
240,3,2018-11-30,2021-11-30,0.07661655,-0.13691660,0.75957708
240,3,2019-01-02,2021-12-31,0.08841938,-0.13691660,0.86383683
240,3,2019-01-28,2022-01-28,0.07671140,-0.13691660,0.75782673
240,3,2019-02-28,2022-02-28,0.07983316,-0.13691660,0.78538201
240,3,2019-04-01,2022-03-31,0.06986246,-0.13691660,0.70348501
240,3,2019-04-29,2022-04-29,0.06727141,-0.13691660,0.68077963
240,3,2019-05-31,2022-05-31,0.08132152,-0.13691660,0.82191257
240,3,2019-07-01,2022-06-30,0.05930221,-0.13691660,0.62319445
240,3,2019-07-29,2022-07-29,0.05951952,-0.13691660,0.63060634
240,3,2019-09-02,2022-08-31,0.06027720,-0.13691660,0.64569261
240,3,2019-09-30,2022-09-30,0.05923752,-0.13691660,0.63862109
240,3,2019-10-31,2022-10-31,0.05580982,-0.13691660,0.60802075
240,3,2019-12-02,2022-11-30,0.05244021,-0.13691660,0.57761594
240,3,2019-12-30,2022-12-30,0.04075794,-0.13691660,0.46102820
240,3,2020-02-03,2023-01-31,0.05788441,-0.13691660,0.64547151
240,3,2020-02-28,2023-02-28,0.04561235,-0.10299064,0.54515896
240,3,2020-03-31,2023-03-31,0.06820636,-0.08929590,0.83970195
240,3,2020-04-28,2023-04-28,0.05570976,-0.08929590,0.69685382
240,3,2020-06-01,2023-05-31,0.05094435,-0.08929590,0.63606906
240,3,2020-06-30,2023-06-30,0.06023433,-0.08929590,0.74081153
240,3,2020-07-31,2023-07-31,0.04690445,-0.08929590,0.61020960
240,3,2020-08-31,2023-08-31,0.01952558,-0.08929590,0.28130715
240,3,2020-09-28,2023-09-28,0.02716599,-0.05971980,0.39799019
240,3,2020-11-02,2023-10-31,0.03171854,-0.06884933,0.46382323
240,3,2020-11-30,2023-11-30,0.03439016,-0.06884933,0.50390002
240,3,2020-12-29,2023-12-29,0.03856574,-0.06884933,0.56101604
240,3,2021-02-01,2024-01-31,0.04338549,-0.06884933,0.62552682
240,3,2021-03-01,2024-02-29,0.04263196,-0.06884933,0.63961571
240,3,2021-03-29,2024-03-29,0.05709615,-0.06884933,0.86974347
240,3,2021-04-30,2024-04-30,0.04318640,-0.06884933,0.66805386
240,3,2021-05-31,2024-05-31,0.04603804,-0.06884933,0.71076717
240,3,2021-06-28,2024-06-28,0.04802385,-0.06884933,0.73840284
240,3,2021-08-02,2024-07-31,0.04750141,-0.06884933,0.71070539
240,3,2021-08-30,2024-08-30,0.04579322,-0.08231516,0.64286426
240,3,2021-09-30,2024-09-30,0.05913555,-0.08231516,0.79954790
240,3,2021-11-01,2024-10-31,0.04924069,-0.08231516,0.66464094
240,3,2021-11-29,2024-11-29,0.04987884,-0.08231516,0.66504589
240,3,2021-12-31,2024-12-31,0.04939923,-0.08231516,0.65679247
240,3,2022-01-27,2025-01-27,0.06771972,-0.08231516,0.86036290
240,3,2022-02-28,2025-02-28,0.06554377,-0.08231516,0.81905850
240,3,2022-03-31,2025-03-31,0.06284532,-0.08231516,0.78287042
240,3,2022-05-05,2025-04-30,0.06596984,-0.08231516,0.77069084
240,3,2022-05-30,2025-05-30,0.07022309,-0.08231516,0.81369219
240,3,2022-06-30,2025-06-30,0.08560017,-0.08231516,0.97179617
240,3,2022-08-01,2025-07-31,0.09256576,-0.08231516,1.03603607
240,3,2022-08-29,2025-08-29,0.10285337,-0.08231516,1.12905962
240,3,2022-09-30,2025-09-30,0.12174105,-0.08231516,1.30598361
240,3,2022-10-31,2025-10-31,0.13542065,-0.08231516,1.38721904
240,3,2022-11-28,2025-11-28,0.12933946,-0.08231516,1.28765964
240,3,2023-01-03,2025-12-31,0.14225869,-0.08231516,1.39058242
240,3,2023-01-30,2026-01-30,0.15507271,-0.08231516,1.46154823
240,3,2023-02-27,2026-02-27,0.16972227,-0.08231516,1.51507390
240,3,2023-03-31,2026-03-31,0.12049143,-0.13406587,1.05797525
240,3,2023-05-04,2026-04-30,0.13732580,-0.13406587,1.16943192
240,3,2023-05-29,2026-05-29,0.14687051,-0.13406587,1.24457291
240,3,2023-06-30,2026-06-30,0.13942369,-0.13406587,1.15602536
240,3,2023-07-31,2026-07-31,0.11501867,-0.13406587,0.95730327
240,3,2023-08-31,2026-08-31,0.13202235,-0.13406587,1.08981730
240,5,2013-07-01,2018-06-29,0.07111501,-0.23383599,0.65930611
240,5,2013-07-31,2018-07-31,0.07632034,-0.23383599,0.70181306
240,5,2013-09-02,2018-08-31,0.08099751,-0.23383599,0.73762382
240,5,2013-09-30,2018-09-28,0.08089629,-0.23383599,0.73614330
240,5,2013-10-31,2018-10-31,0.08324577,-0.23383599,0.76351759
240,5,2013-12-02,2018-11-30,0.08367890,-0.23383599,0.76747691
240,5,2013-12-30,2018-12-28,0.09011630,-0.23383599,0.82235440
240,5,2014-02-07,2019-01-31,0.09663227,-0.23383599,0.87666653
240,5,2014-02-28,2019-02-28,0.09379042,-0.23383599,0.85661044
240,5,2014-03-31,2019-03-29,0.10066339,-0.23383599,0.90689671
240,5,2014-04-30,2019-04-30,0.10526450,-0.23383599,0.94465611
240,5,2014-06-03,2019-05-31,0.09002626,-0.23383599,0.81428140
240,5,2014-06-30,2019-06-28,0.09527256,-0.23383599,0.85453920
240,5,2014-07-31,2019-07-31,0.08649687,-0.23383599,0.78330251
240,5,2014-09-01,2019-08-30,0.08406708,-0.23383599,0.76081381
240,5,2014-09-30,2019-09-30,0.08075649,-0.23383599,0.73661010
240,5,2014-10-31,2019-10-31,0.08054227,-0.23383599,0.73725367
240,5,2014-12-01,2019-11-29,0.07304084,-0.23383599,0.67622837
240,5,2014-12-31,2019-12-31,0.06579358,-0.23383599,0.62765555
240,5,2015-01-23,2020-01-23,0.06112813,-0.23383599,0.59661352
240,5,2015-03-02,2020-02-28,0.05379125,-0.23383599,0.52139130
240,5,2015-03-31,2020-03-31,0.03357083,-0.23383599,0.34425033
240,5,2015-04-30,2020-04-30,0.02638922,-0.23383599,0.28786232
240,5,2015-05-29,2020-05-29,0.01858364,-0.23383599,0.22310813
240,5,2015-06-30,2020-06-30,0.03089103,-0.14796338,0.34122930
240,5,2015-07-31,2020-07-31,0.05435370,-0.14453550,0.61167228
240,5,2015-08-31,2020-08-31,0.07786199,-0.13691660,0.91054263
240,5,2015-09-30,2020-09-30,0.07285976,-0.13691660,0.82985676
240,5,2015-10-30,2020-10-30,0.06315886,-0.13691660,0.72404226
240,5,2015-11-30,2020-11-30,0.06430580,-0.13691660,0.73498426
240,5,2015-12-31,2020-12-31,0.06601975,-0.13691660,0.75137243
240,5,2016-01-29,2021-01-29,0.07938597,-0.13691660,0.89009410
240,5,2016-02-26,2021-02-26,0.08044455,-0.13691660,0.88686646
240,5,2016-03-31,2021-03-31,0.07884642,-0.13691660,0.85812060
240,5,2016-05-03,2021-04-30,0.08435820,-0.13691660,0.90716699
240,5,2016-05-31,2021-05-31,0.08392722,-0.13691660,0.89945663
240,5,2016-06-30,2021-06-30,0.08472721,-0.13691660,0.90387162
240,5,2016-08-01,2021-07-30,0.07372126,-0.13691660,0.79378316
240,5,2016-08-31,2021-08-31,0.07716817,-0.13691660,0.82715505
240,5,2016-09-30,2021-09-30,0.07261594,-0.13691660,0.78963666
240,5,2016-10-31,2021-10-29,0.07092056,-0.13691660,0.77114155
240,5,2016-11-30,2021-11-30,0.06825709,-0.13691660,0.75009452
240,5,2017-01-03,2021-12-31,0.07698487,-0.13691660,0.84353977
240,5,2017-02-03,2022-01-28,0.06812120,-0.13691660,0.75284236
240,5,2017-02-28,2022-02-28,0.06441768,-0.13691660,0.71872193
240,5,2017-03-31,2022-03-31,0.06226092,-0.13691660,0.70074313
240,5,2017-05-02,2022-04-29,0.06035696,-0.13691660,0.68000487
240,5,2017-05-31,2022-05-31,0.05682641,-0.13691660,0.64682517
240,5,2017-06-30,2022-06-30,0.05430986,-0.13691660,0.62285074
240,5,2017-07-31,2022-07-29,0.05079815,-0.13691660,0.58710945
240,5,2017-08-31,2022-08-31,0.05177546,-0.13691660,0.60113910
240,5,2017-10-09,2022-09-30,0.04763147,-0.13691660,0.55631485
240,5,2017-10-31,2022-10-31,0.04683137,-0.13691660,0.55047103
240,5,2017-11-30,2022-11-30,0.04616655,-0.13691660,0.54527132
240,5,2018-01-02,2022-12-30,0.04197955,-0.13691660,0.50055873
240,5,2018-01-31,2023-01-31,0.04009989,-0.13691660,0.48312804
240,5,2018-02-28,2023-02-28,0.04327948,-0.13691660,0.52604856
240,5,2018-04-02,2023-03-31,0.05166432,-0.13691660,0.61548442
240,5,2018-05-02,2023-04-28,0.05102627,-0.13691660,0.60686622
240,5,2018-05-31,2023-05-31,0.04909511,-0.13691660,0.58207928
240,5,2018-07-02,2023-06-30,0.05346573,-0.13691660,0.62866149
240,5,2018-07-31,2023-07-31,0.05333795,-0.13691660,0.62617277
240,5,2018-08-31,2023-08-31,0.04618568,-0.13691660,0.54637716
240,5,2018-09-28,2023-09-28,0.03944034,-0.13691660,0.47365568
240,5,2018-10-31,2023-10-31,0.04194161,-0.13691660,0.50097705
240,5,2018-11-30,2023-11-30,0.04637266,-0.13691660,0.54836869
240,5,2019-01-02,2023-12-29,0.05584846,-0.13691660,0.64808721
240,5,2019-01-31,2024-01-31,0.05966861,-0.13691660,0.68049299
240,5,2019-02-28,2024-02-29,0.06543330,-0.13691660,0.73800147
240,5,2019-03-29,2024-03-29,0.06733844,-0.13691660,0.76360354
240,5,2019-04-30,2024-04-30,0.06218695,-0.13691660,0.70971628
240,5,2019-05-31,2024-05-31,0.07397107,-0.13691660,0.83704655
240,5,2019-06-28,2024-06-28,0.06954608,-0.13691660,0.79240404
240,5,2019-07-31,2024-07-31,0.06762380,-0.13691660,0.76717742
240,5,2019-08-30,2024-08-30,0.06836001,-0.13691660,0.76157056
240,5,2019-09-30,2024-09-30,0.07300238,-0.13691660,0.80408030
240,5,2019-10-31,2024-10-31,0.06628833,-0.13691660,0.73159236
240,5,2019-11-29,2024-11-29,0.06683836,-0.13691660,0.73604288
240,5,2019-12-31,2024-12-31,0.06368272,-0.13691660,0.70227803
240,5,2020-02-03,2025-01-27,0.07454968,-0.13691660,0.81263635
240,5,2020-02-28,2025-02-28,0.07117895,-0.10299064,0.79856715
240,5,2020-03-31,2025-03-31,0.08189854,-0.08929590,0.94522442
240,5,2020-04-30,2025-04-30,0.07159330,-0.08929590,0.81122521
240,5,2020-06-01,2025-05-30,0.07211629,-0.08929590,0.81800680
240,5,2020-06-30,2025-06-30,0.07726544,-0.08929590,0.87162314
240,5,2020-07-31,2025-07-31,0.06905534,-0.08929590,0.80084088
240,5,2020-08-31,2025-08-29,0.06478075,-0.08929590,0.75858235
240,5,2020-09-30,2025-09-30,0.08621992,-0.08231516,1.01947844
240,5,2020-11-02,2025-10-31,0.10096348,-0.08231516,1.15924575
240,5,2020-11-30,2025-11-28,0.09388228,-0.08231516,1.06430952
240,5,2020-12-31,2025-12-31,0.09191652,-0.08231516,1.03926880
240,5,2021-02-01,2026-01-30,0.10457646,-0.08231516,1.16025026
240,5,2021-03-01,2026-02-27,0.10226455,-0.08231516,1.10807093
240,5,2021-03-31,2026-03-31,0.08017000,-0.13406587,0.85384221
240,5,2021-04-30,2026-04-30,0.08421231,-0.13406587,0.88409710
240,5,2021-05-31,2026-05-29,0.09131649,-0.13406587,0.94741002
240,5,2021-06-30,2026-06-30,0.08938060,-0.13406587,0.90839738
240,5,2021-08-02,2026-07-31,0.08009281,-0.13406587,0.81133786
240,5,2021-08-31,2026-08-31,0.08075729,-0.13406587,0.81674820
