date,observation_type,total_absolute_weight_deviation,maximum_asset_weight_deviation,cash_residual,materially_off_target,intended_positions,actual_positions
2013-04-01,execution,2.00000000,1.00000000,1.00000000,True,510300.SS:1.0000,
2013-04-26,monthly_review,2.00000000,1.00000000,1.00000000,True,510300.SS:1.0000,
2013-05-31,monthly_review,2.00000000,1.00000000,1.00000000,True,510300.SS:1.0000,
2013-06-28,monthly_review,2.00000000,1.00000000,1.00000000,True,510300.SS:1.0000,
2013-07-01,execution,0.01385704,0.00692852,0.00692852,False,511010.SS:1.0000,511010.SS:0.9931
2013-07-31,monthly_review,0.01396490,0.00698245,0.00698245,False,511010.SS:1.0000,511010.SS:0.9930
2013-08-30,monthly_review,0.01414081,0.00707041,0.00707041,False,511010.SS:1.0000,511010.SS:0.9929
2013-09-30,monthly_review,0.01414067,0.00707034,0.00707034,False,511010.SS:1.0000,511010.SS:0.9929
2013-10-08,execution,1.00050082,0.50000000,0.50025041,True,510300.SS:0.5000;159920.SZ:0.5000,510300.SS:0.4997
2013-10-31,monthly_review,1.01489357,0.50000000,0.50744679,True,510300.SS:0.5000;159920.SZ:0.5000,510300.SS:0.4926
2013-11-01,execution,0.51627529,0.25581401,0.25813764,True,159920.SZ:0.5000;511010.SS:0.5000,159920.SZ:0.2442;511010.SS:0.4977
2013-11-29,monthly_review,0.51678140,0.25044357,0.25839070,True,159920.SZ:0.5000;511010.SS:0.5000,159920.SZ:0.2496;511010.SS:0.4921
2013-12-02,execution,0.49675149,0.24831788,0.24837575,True,510300.SS:0.5000;159920.SZ:0.5000,510300.SS:0.4999;159920.SZ:0.2517
2013-12-31,monthly_review,0.51114373,0.25042130,0.25557187,True,510300.SS:0.5000;159920.SZ:0.5000,510300.SS:0.4948;159920.SZ:0.2496
2014-01-02,execution,0.43914608,0.21676381,0.21957304,True,159920.SZ:0.5000;511010.SS:0.5000,159920.SZ:0.2832;511010.SS:0.4972
2014-01-30,monthly_review,0.45721417,0.22860709,0.22177011,True,159920.SZ:0.5000;511010.SS:0.5000,159920.SZ:0.2714;511010.SS:0.5068
2014-02-07,execution,0.10142873,0.05071436,0.00208096,True,510500.SS:0.3333;511010.SS:0.6667,510500.SS:0.3334;159920.SZ:0.0485;511010.SS:0.6160
2014-02-28,monthly_review,0.10689504,0.05138677,0.00206074,True,510500.SS:0.3333;511010.SS:0.6667,510500.SS:0.3311;159920.SZ:0.0514;511010.SS:0.6154
2014-03-03,execution,0.56591931,0.28286413,0.27878780,True,510500.SS:0.3333;159920.SZ:0.3333;511010.SS:0.3333,510500.SS:0.3332;159920.SZ:0.0505;511010.SS:0.3375
2014-03-31,monthly_review,0.58828088,0.28236715,0.28432608,True,510500.SS:0.3333;159920.SZ:0.3333;511010.SS:0.3333,510500.SS:0.3216;159920.SZ:0.0510;511010.SS:0.3431
2014-04-01,execution,0.22816816,0.10946243,0.11389261,True,510500.SS:0.2500;513100.SS:0.2500;159920.SZ:0.2500;511010.SS:0.2500,510500.SS:0.2501;513100.SS:0.2501;159920.SZ:0.1405;511010.SS:0.2454
2014-04-30,monthly_review,0.23201432,0.10793592,0.11512971,True,510500.SS:0.2500;513100.SS:0.2500;159920.SZ:0.2500;511010.SS:0.2500,510500.SS:0.2440;513100.SS:0.2479;159920.SZ:0.1421;511010.SS:0.2509
2014-05-05,execution,0.01780171,0.00890086,0.00887577,False,513100.SS:0.2500;159920.SZ:0.2500;511010.SS:0.5000,513100.SS:0.2500;159920.SZ:0.2500;511010.SS:0.4911
2014-05-30,monthly_review,0.03802098,0.01901049,0.00859979,False,513100.SS:0.2500;159920.SZ:0.2500;511010.SS:0.5000,513100.SS:0.2556;159920.SZ:0.2548;511010.SS:0.4810
2014-06-03,execution,0.00415923,0.00207962,0.00192986,False,513100.SS:0.2000;159920.SZ:0.2000;511010.SS:0.6000,513100.SS:0.2001;159920.SZ:0.2001;511010.SS:0.5979
2014-06-30,monthly_review,0.01389464,0.00502428,0.00192304,False,513100.SS:0.2000;159920.SZ:0.2000;511010.SS:0.6000,513100.SS:0.2050;159920.SZ:0.1979;511010.SS:0.5952
2014-07-01,execution,0.40007367,0.20000000,0.19835948,True,510500.SS:0.2000;513100.SS:0.2000;159920.SZ:0.2000;518880.SS:0.2000;511010.SS:0.2000,510500.SS:0.2000;513100.SS:0.2000;159920.SZ:0.2000;511010.SS:0.2016
2014-07-31,monthly_review,0.41434619,0.20000000,0.19186429,True,510500.SS:0.2000;513100.SS:0.2000;159920.SZ:0.2000;518880.SS:0.2000;511010.SS:0.2000,510500.SS:0.2087;513100.SS:0.1987;159920.SZ:0.2066;511010.SS:0.1941
2014-08-01,execution,0.40019694,0.20000000,0.19997925,True,510300.SS:0.2000;510500.SS:0.2000;513100.SS:0.2000;159920.SZ:0.2000;518880.SS:0.2000,510300.SS:0.2001;510500.SS:0.1999;513100.SS:0.2000;159920.SZ:0.2000
2014-08-29,monthly_review,0.41229919,0.20000000,0.19626606,True,510300.SS:0.2000;510500.SS:0.2000;513100.SS:0.2000;159920.SZ:0.2000;518880.SS:0.2000,510300.SS:0.1975;510500.SS:0.2062;513100.SS:0.2037;159920.SZ:0.1963
2014-09-30,monthly_review,0.43484633,0.20000000,0.19190764,True,510300.SS:0.2000;510500.SS:0.2000;513100.SS:0.2000;159920.SZ:0.2000;518880.SS:0.2000,510300.SS:0.2019;510500.SS:0.2236;513100.SS:0.1976;159920.SZ:0.1850
2014-10-08,execution,0.01944517,0.00966114,0.00951306,False,510300.SS:0.2000;510500.SS:0.2000;513100.SS:0.2000;159920.SZ:0.2000;511010.SS:0.2000,510300.SS:0.2001;510500.SS:0.2000;513100.SS:0.2001;159920.SZ:0.2000;511010.SS:0.1903
2014-10-31,monthly_review,0.02889234,0.00936809,0.00936775,False,510300.SS:0.2000;510500.SS:0.2000;513100.SS:0.2000;159920.SZ:0.2000;511010.SS:0.2000,510300.SS:0.1999;510500.SS:0.1965;513100.SS:0.2051;159920.SZ:0.1985;511010.SS:0.1906
2014-11-28,monthly_review,0.05529929,0.01474687,0.00899062,True,510300.SS:0.2000;510500.SS:0.2000;513100.SS:0.2000;159920.SZ:0.2000;511010.SS:0.2000,510300.SS:0.2141;510500.SS:0.1976;513100.SS:0.2046;159920.SZ:0.1895;511010.SS:0.1853
2014-12-01,execution,0.33333333,0.16666667,0.16626721,True,510300.SS:0.1667;510500.SS:0.1667;513500.SS:0.1667;513100.SS:0.1667;159920.SZ:0.1667;511010.SS:0.1667,510300.SS:0.1667;510500.SS:0.1668;513100.SS:0.1667;159920.SZ:0.1668;511010.SS:0.1668
2014-12-31,monthly_review,0.38422031,0.16666667,0.15900802,True,510300.SS:0.1667;510500.SS:0.1667;513500.SS:0.1667;513100.SS:0.1667;159920.SZ:0.1667;511010.SS:0.1667,510300.SS:0.1998;510500.SS:0.1624;513100.SS:0.1587;159920.SZ:0.1618;511010.SS:0.1582
2015-01-30,monthly_review,0.37229320,0.16666667,0.15911935,True,510300.SS:0.1667;510500.SS:0.1667;513500.SS:0.1667;513100.SS:0.1667;159920.SZ:0.1667;511010.SS:0.1667,510300.SS:0.1890;510500.SS:0.1706;513100.SS:0.1546;159920.SZ:0.1674;511010.SS:0.1593
2015-02-02,execution,0.33333333,0.16666667,0.16626808,True,510300.SS:0.1667;510500.SS:0.1667;513500.SS:0.1667;513100.SS:0.1667;159920.SZ:0.1667;518880.SS:0.1667,510300.SS:0.1668;510500.SS:0.1668;513500.SS:0.1667;513100.SS:0.1667;159920.SZ:0.1667
2015-02-27,monthly_review,0.34158473,0.16666667,0.15888399,True,510300.SS:0.1667;510500.SS:0.1667;513500.SS:0.1667;513100.SS:0.1667;159920.SZ:0.1667;518880.SS:0.1667,510300.SS:0.1697;510500.SS:0.1712;513500.SS:0.1676;513100.SS:0.1701;159920.SZ:0.1625
2015-03-02,execution,0.00646917,0.00315405,0.00309691,False,510300.SS:0.1667;510500.SS:0.1667;513500.SS:0.1667;513100.SS:0.1667;159920.SZ:0.1667;511010.SS:0.1667,510300.SS:0.1666;510500.SS:0.1667;513500.SS:0.1667;513100.SS:0.1667;159920.SZ:0.1667;511010.SS:0.1635
2015-03-31,monthly_review,0.07143636,0.02104474,0.00295105,True,510300.SS:0.1667;510500.SS:0.1667;513500.SS:0.1667;513100.SS:0.1667;159920.SZ:0.1667;511010.SS:0.1667,510300.SS:0.1784;510500.SS:0.1877;513500.SS:0.1564;513100.SS:0.1572;159920.SZ:0.1635;511010.SS:0.1538
2015-04-30,monthly_review,0.12818362,0.03501111,0.00271620,True,510300.SS:0.1667;510500.SS:0.1667;513500.SS:0.1667;513100.SS:0.1667;159920.SZ:0.1667;511010.SS:0.1667,510300.SS:0.1930;510500.SS:0.2017;513500.SS:0.1450;513100.SS:0.1468;159920.SZ:0.1663;511010.SS:0.1445
2015-05-29,monthly_review,0.17940542,0.06480311,0.00261520,True,510300.SS:0.1667;510500.SS:0.1667;513500.SS:0.1667;513100.SS:0.1667;159920.SZ:0.1667;511010.SS:0.1667,510300.SS:0.1890;510500.SS:0.2315;513500.SS:0.1408;513100.SS:0.1430;159920.SZ:0.1552;511010.SS:0.1380
2015-06-30,monthly_review,0.14383637,0.05129623,0.00274446,True,510300.SS:0.1667;510500.SS:0.1667;513500.SS:0.1667;513100.SS:0.1667;159920.SZ:0.1667;511010.SS:0.1667,510300.SS:0.1845;510500.SS:0.2180;513500.SS:0.1441;513100.SS:0.1465;159920.SZ:0.1600;511010.SS:0.1442
2015-07-31,monthly_review,0.06685014,0.02986924,0.00289740,True,510300.SS:0.1667;510500.SS:0.1667;513500.SS:0.1667;513100.SS:0.1667;159920.SZ:0.1667;511010.SS:0.1667,510300.SS:0.1673;510500.SS:0.1965;513500.SS:0.1569;513100.SS:0.1639;159920.SZ:0.1569;511010.SS:0.1555
2015-08-03,execution,0.00185778,0.00091341,0.00053810,False,510300.SS:0.1429;510500.SS:0.1429;513500.SS:0.1429;513100.SS:0.1429;511010.SS:0.4286,510300.SS:0.1430;510500.SS:0.1431;513500.SS:0.1429;513100.SS:0.1428;511010.SS:0.4277
2015-08-31,monthly_review,0.04581645,0.01852272,0.00056062,False,510300.SS:0.1429;510500.SS:0.1429;513500.SS:0.1429;513100.SS:0.1429;511010.SS:0.4286,510300.SS:0.1313;510500.SS:0.1315;513500.SS:0.1466;513100.SS:0.1430;511010.SS:0.4471
2015-09-01,execution,0.01540428,0.00770214,0.00764482,False,513500.SS:0.1429;513100.SS:0.1429;511010.SS:0.7143,513500.SS:0.1429;513100.SS:0.1429;511010.SS:0.7066
2015-09-30,monthly_review,0.01544707,0.00329789,0.00772354,False,513500.SS:0.1429;513100.SS:0.1429;511010.SS:0.7143,513500.SS:0.1402;513100.SS:0.1411;511010.SS:0.7110
2015-10-08,execution,0.59285520,0.29642760,0.29642760,True,511010.SS:1.0000,511010.SS:0.7036
2015-10-30,monthly_review,0.60104002,0.30052001,0.30052001,True,511010.SS:1.0000,511010.SS:0.6995
2015-11-02,execution,0.01045526,0.00522763,0.00513262,False,513500.SS:0.1429;513100.SS:0.1429;511010.SS:0.7143,513500.SS:0.1429;513100.SS:0.1429;511010.SS:0.7091
2015-11-30,monthly_review,0.01964767,0.00982384,0.00511146,False,513500.SS:0.1429;513100.SS:0.1429;511010.SS:0.7143,513500.SS:0.1453;513100.SS:0.1451;511010.SS:0.7045
2015-12-31,monthly_review,0.01984382,0.00992191,0.00505180,False,513500.SS:0.1429;513100.SS:0.1429;511010.SS:0.7143,513500.SS:0.1441;513100.SS:0.1465;511010.SS:0.7044
2016-01-29,monthly_review,0.02480561,0.00749005,0.00517663,False,513500.SS:0.1429;513100.SS:0.1429;511010.SS:0.7143,513500.SS:0.1379;513100.SS:0.1354;511010.SS:0.7215
2016-02-01,execution,0.12674846,0.06337423,0.00702652,True,518880.SS:0.1429;511010.SS:0.8571,513500.SS:0.0563;518880.SS:0.1429;511010.SS:0.7938
2016-02-29,monthly_review,0.14575029,0.07287514,0.00690663,True,518880.SS:0.1429;511010.SS:0.8571,513500.SS:0.0564;518880.SS:0.1525;511010.SS:0.7843
2016-03-01,execution,0.17363032,0.08681516,0.08262538,True,513500.SS:0.1429;518880.SS:0.1429;511010.SS:0.7143,513500.SS:0.0560;518880.SS:0.1429;511010.SS:0.7184
2016-03-31,monthly_review,0.18015604,0.08543506,0.08236450,True,513500.SS:0.1429;518880.SS:0.1429;511010.SS:0.7143,513500.SS:0.0574;518880.SS:0.1382;511010.SS:0.7220
2016-04-01,execution,0.07081315,0.03259075,0.03261061,True,513500.SS:0.1429;513100.SS:0.1429;518880.SS:0.1429;511010.SS:0.5714,513500.SS:0.1103;513100.SS:0.1429;518880.SS:0.1400;511010.SS:0.5742
2016-04-29,monthly_review,0.07009340,0.03040724,0.03261218,True,513500.SS:0.1429;513100.SS:0.1429;518880.SS:0.1429;511010.SS:0.5714,513500.SS:0.1124;513100.SS:0.1408;518880.SS:0.1453;511010.SS:0.5688
2016-05-03,execution,0.16364322,0.07778003,0.08177519,True,513500.SS:0.1429;513030.SS:0.1429;518880.SS:0.1429;511010.SS:0.5714,513500.SS:0.1428;513030.SS:0.0651;518880.SS:0.1429;511010.SS:0.5674
2016-05-31,monthly_review,0.17271236,0.07766870,0.08191508,True,513500.SS:0.1429;513030.SS:0.1429;518880.SS:0.1429;511010.SS:0.5714,513500.SS:0.1473;513030.SS:0.0652;518880.SS:0.1365;511010.SS:0.5691
2016-06-01,execution,0.01321075,0.00598600,0.00617734,False,513500.SS:0.1429;513100.SS:0.1429;159920.SZ:0.1429;513030.SS:0.1429;518880.SS:0.1429;511010.SS:0.2857,513500.SS:0.1430;513100.SS:0.1429;159920.SZ:0.1430;513030.SS:0.1430;518880.SS:0.1369;511010.SS:0.2851
2016-06-30,monthly_review,0.02582297,0.00648475,0.00612613,False,513500.SS:0.1429;513100.SS:0.1429;159920.SZ:0.1429;513030.SS:0.1429;518880.SS:0.1429;511010.SS:0.2857,513500.SS:0.1424;513100.SS:0.1382;159920.SZ:0.1442;513030.SS:0.1364;518880.SS:0.1483;511010.SS:0.2844
2016-07-01,execution,0.01545014,0.00770818,0.00760723,False,513500.SS:0.1429;513100.SS:0.1429;159920.SZ:0.1429;518880.SS:0.1429;511010.SS:0.4286,513500.SS:0.1429;513100.SS:0.1429;159920.SZ:0.1429;518880.SS:0.1428;511010.SS:0.4209
2016-07-29,monthly_review,0.04817215,0.01943381,0.00735779,False,513500.SS:0.1429;513100.SS:0.1429;159920.SZ:0.1429;518880.SS:0.1429;511010.SS:0.4286,513500.SS:0.1516;513100.SS:0.1485;159920.SZ:0.1453;518880.SS:0.1382;511010.SS:0.4091
2016-08-01,execution,0.00219292,0.00109646,0.00082261,False,513500.SS:0.1429;513100.SS:0.1429;159920.SZ:0.1429;513030.SS:0.1429;518880.SS:0.1429;511010.SS:0.2857,513500.SS:0.1430;513100.SS:0.1429;159920.SZ:0.1429;513030.SS:0.1429;518880.SS:0.1429;511010.SS:0.2846
2016-08-31,monthly_review,0.01839836,0.00532830,0.00081462,False,513500.SS:0.1429;513100.SS:0.1429;159920.SZ:0.1429;513030.SS:0.1429;518880.SS:0.1429;511010.SS:0.2857,513500.SS:0.1412;513100.SS:0.1435;159920.SZ:0.1482;513030.SS:0.1453;518880.SS:0.1388;511010.SS:0.2822
2016-09-01,execution,0.00854918,0.00422762,0.00386149,False,510300.SS:0.1429;510500.SS:0.1429;513500.SS:0.1429;513100.SS:0.1429;159920.SZ:0.1429;513030.SS:0.1429;518880.SS:0.1429,510300.SS:0.1428;510500.SS:0.1430;513500.SS:0.1429;513100.SS:0.1429;159920.SZ:0.1429;513030.SS:0.1429;518880.SS:0.1386
2016-09-30,monthly_review,0.02013649,0.00433075,0.00384492,False,510300.SS:0.1429;510500.SS:0.1429;513500.SS:0.1429;513100.SS:0.1429;159920.SZ:0.1429;513030.SS:0.1429;518880.SS:0.1429,510300.SS:0.1409;510500.SS:0.1417;513500.SS:0.1472;513100.SS:0.1433;159920.SZ:0.1443;513030.SS:0.1394;518880.SS:0.1394
2016-10-31,monthly_review,0.02567226,0.00836612,0.00379075,False,510300.SS:0.1429;510500.SS:0.1429;513500.SS:0.1429;513100.SS:0.1429;159920.SZ:0.1429;513030.SS:0.1429;518880.SS:0.1429,510300.SS:0.1420;510500.SS:0.1420;513500.SS:0.1512;513100.SS:0.1435;159920.SZ:0.1424;513030.SS:0.1403;518880.SS:0.1348
2016-11-30,monthly_review,0.05970271,0.02015506,0.00370364,True,510300.SS:0.1429;510500.SS:0.1429;513500.SS:0.1429;513100.SS:0.1429;159920.SZ:0.1429;513030.SS:0.1429;518880.SS:0.1429,510300.SS:0.1469;510500.SS:0.1418;513500.SS:0.1630;513100.SS:0.1448;159920.SZ:0.1395;513030.SS:0.1350;518880.SS:0.1253
2016-12-01,execution,0.00099545,0.00049772,0.00019027,False,510300.SS:0.1429;510500.SS:0.1429;513500.SS:0.1429;513100.SS:0.1429;159920.SZ:0.1429;513030.SS:0.1429;511010.SS:0.1429,510300.SS:0.1429;510500.SS:0.1429;513500.SS:0.1429;513100.SS:0.1429;159920.SZ:0.1429;513030.SS:0.1429;511010.SS:0.1424
2016-12-30,monthly_review,0.04282649,0.01345887,0.00019388,False,510300.SS:0.1429;510500.SS:0.1429;513500.SS:0.1429;513100.SS:0.1429;159920.SZ:0.1429;513030.SS:0.1429;511010.SS:0.1429,510300.SS:0.1347;510500.SS:0.1377;513500.SS:0.1364;513100.SS:0.1497;159920.SZ:0.1412;513030.SS:0.1563;511010.SS:0.1438
2017-01-26,monthly_review,0.06975123,0.01907494,0.00237224,True,510300.SS:0.1429;510500.SS:0.1429;513500.SS:0.1429;513100.SS:0.1429;159920.SZ:0.1429;513030.SS:0.1429;511010.SS:0.1429,510300.SS:0.1343;510500.SS:0.1353;513500.SS:0.1246;513100.SS:0.1531;159920.SZ:0.1460;513030.SS:0.1619;511010.SS:0.1423
2017-02-03,execution,0.01508140,0.00754070,0.00729648,False,510300.SS:0.1429;513500.SS:0.1429;513100.SS:0.1429;159920.SZ:0.1429;513030.SS:0.1429;511010.SS:0.2857,510300.SS:0.1429;513500.SS:0.1429;513100.SS:0.1429;159920.SZ:0.1429;513030.SS:0.1429;511010.SS:0.2782
2017-02-28,monthly_review,0.03388033,0.01232510,0.00715137,False,510300.SS:0.1429;513500.SS:0.1429;513100.SS:0.1429;159920.SZ:0.1429;513030.SS:0.1429;511010.SS:0.2857,510300.SS:0.1433;513500.SS:0.1471;513100.SS:0.1466;159920.SZ:0.1442;513030.SS:0.1382;511010.SS:0.2734
2017-03-01,execution,0.28593622,0.14285714,0.14265140,True,510300.SS:0.1429;510500.SS:0.1429;513500.SS:0.1429;513100.SS:0.1429;159920.SZ:0.1429;513030.SS:0.1429;518880.SS:0.1429,510300.SS:0.1428;510500.SS:0.1430;513500.SS:0.1428;513100.SS:0.1429;159920.SZ:0.1429;513030.SS:0.1429
2017-03-31,monthly_review,0.29795052,0.14285714,0.14026000,True,510300.SS:0.1429;510500.SS:0.1429;513500.SS:0.1429;513100.SS:0.1429;159920.SZ:0.1429;513030.SS:0.1429;518880.SS:0.1429,510300.SS:0.1406;510500.SS:0.1390;513500.SS:0.1434;513100.SS:0.1449;159920.SZ:0.1433;513030.SS:0.1485
2017-04-28,monthly_review,0.31049761,0.14285714,0.14021019,True,510300.SS:0.1429;510500.SS:0.1429;513500.SS:0.1429;513100.SS:0.1429;159920.SZ:0.1429;513030.SS:0.1429;518880.SS:0.1429,510300.SS:0.1396;510500.SS:0.1351;513500.SS:0.1415;513100.SS:0.1457;159920.SZ:0.1451;513030.SS:0.1529
2017-05-02,execution,0.01229820,0.00614910,0.00568339,False,510300.SS:0.1429;513500.SS:0.1429;513100.SS:0.1429;159920.SZ:0.1429;513030.SS:0.1429;518880.SS:0.1429;511010.SS:0.1429,510300.SS:0.1429;513500.SS:0.1429;513100.SS:0.1429;159920.SZ:0.1429;513030.SS:0.1429;518880.SS:0.1430;511010.SS:0.1367
2017-05-31,monthly_review,0.02969264,0.00884328,0.00561300,False,510300.SS:0.1429;513500.SS:0.1429;513100.SS:0.1429;159920.SZ:0.1429;513030.SS:0.1429;518880.SS:0.1429;511010.SS:0.1429,510300.SS:0.1438;513500.SS:0.1391;513100.SS:0.1457;159920.SZ:0.1471;513030.SS:0.1441;518880.SS:0.1406;511010.SS:0.1340
2017-06-01,execution,0.00117538,0.00054673,0.00035327,False,510300.SS:0.1429;513100.SS:0.1429;159920.SZ:0.1429;513030.SS:0.1429;518880.SS:0.1429;511010.SS:0.2857,510300.SS:0.1429;513100.SS:0.1430;159920.SZ:0.1429;513030.SS:0.1429;518880.SS:0.1428;511010.SS:0.2852
2017-06-30,monthly_review,0.01857900,0.00790507,0.00035375,False,510300.SS:0.1429;513100.SS:0.1429;159920.SZ:0.1429;513030.SS:0.1429;518880.SS:0.1429;511010.SS:0.2857,510300.SS:0.1508;513100.SS:0.1381;159920.SZ:0.1435;513030.SS:0.1414;518880.SS:0.1398;511010.SS:0.2861
2017-07-03,execution,0.01336352,0.00661965,0.00658733,False,510300.SS:0.1429;513100.SS:0.1429;159920.SZ:0.1429;513030.SS:0.1429;511010.SS:0.4286,510300.SS:0.1428;513100.SS:0.1429;159920.SZ:0.1429;513030.SS:0.1429;511010.SS:0.4220
2017-07-31,monthly_review,0.03154431,0.01400541,0.00648023,False,510300.SS:0.1429;513100.SS:0.1429;159920.SZ:0.1429;513030.SS:0.1429;511010.SS:0.4286,510300.SS:0.1451;513100.SS:0.1447;159920.SZ:0.1480;513030.SS:0.1411;511010.SS:0.4146
2017-08-01,execution,0.00457815,0.00228907,0.00147389,False,510300.SS:0.1429;510500.SS:0.1429;513100.SS:0.1429;159920.SZ:0.1429;513030.SS:0.1429;518880.SS:0.1429;511010.SS:0.1429,510300.SS:0.1430;510500.SS:0.1431;513100.SS:0.1430;159920.SZ:0.1430;513030.SS:0.1430;518880.SS:0.1430;511010.SS:0.1406
2017-08-31,monthly_review,0.01489524,0.00391431,0.00146826,False,510300.SS:0.1429;510500.SS:0.1429;513100.SS:0.1429;159920.SZ:0.1429;513030.SS:0.1429;518880.SS:0.1429;511010.SS:0.1429,510300.SS:0.1448;510500.SS:0.1468;513100.SS:0.1408;159920.SZ:0.1422;513030.SS:0.1409;518880.SS:0.1430;511010.SS:0.1402
2017-09-29,monthly_review,0.02129441,0.00589282,0.00145516,False,510300.SS:0.1429;510500.SS:0.1429;513100.SS:0.1429;159920.SZ:0.1429;513030.SS:0.1429;518880.SS:0.1429;511010.SS:0.1429,510300.SS:0.1442;510500.SS:0.1487;513100.SS:0.1405;159920.SZ:0.1404;513030.SS:0.1448;518880.SS:0.1410;511010.SS:0.1389
2017-10-31,monthly_review,0.02766506,0.00711181,0.00142970,False,510300.SS:0.1429;510500.SS:0.1429;513100.SS:0.1429;159920.SZ:0.1429;513030.SS:0.1429;518880.SS:0.1429;511010.SS:0.1429,510300.SS:0.1475;510500.SS:0.1447;513100.SS:0.1448;159920.SZ:0.1417;513030.SS:0.1468;518880.SS:0.1373;511010.SS:0.1357
2017-11-01,execution,0.01420616,0.00706333,0.00676669,False,510300.SS:0.1429;510500.SS:0.1429;513500.SS:0.1429;513100.SS:0.1429;159920.SZ:0.1429;513030.SS:0.1429;511010.SS:0.1429,510300.SS:0.1428;510500.SS:0.1430;513500.SS:0.1429;513100.SS:0.1429;159920.SZ:0.1428;513030.SS:0.1429;511010.SS:0.1358
2017-11-30,monthly_review,0.02650514,0.00731037,0.00675821,False,510300.SS:0.1429;510500.SS:0.1429;513500.SS:0.1429;513100.SS:0.1429;159920.SZ:0.1429;513030.SS:0.1429;511010.SS:0.1429,510300.SS:0.1429;510500.SS:0.1369;513500.SS:0.1437;513100.SS:0.1447;159920.SZ:0.1466;513030.SS:0.1429;511010.SS:0.1355
2017-12-01,execution,0.00075863,0.00036612,0.00016883,False,510300.SS:0.1429;513500.SS:0.1429;513100.SS:0.1429;159920.SZ:0.1429;513030.SS:0.1429;511010.SS:0.2857,510300.SS:0.1430;513500.SS:0.1429;513100.SS:0.1428;159920.SZ:0.1429;513030.SS:0.1429;511010.SS:0.2853
2017-12-29,monthly_review,0.00618605,0.00177908,0.00016870,False,510300.SS:0.1429;513500.SS:0.1429;513100.SS:0.1429;159920.SZ:0.1429;513030.SS:0.1429;511010.SS:0.2857,510300.SS:0.1435;513500.SS:0.1444;513100.SS:0.1420;159920.SZ:0.1435;513030.SS:0.1411;511010.SS:0.2853
2018-01-31,monthly_review,0.02231436,0.00698088,0.00173993,False,510300.SS:0.1429;513500.SS:0.1429;513100.SS:0.1429;159920.SZ:0.1429;513030.SS:0.1429;511010.SS:0.2857,510300.SS:0.1463;513500.SS:0.1433;513100.SS:0.1431;159920.SZ:0.1482;513030.SS:0.1387;511010.SS:0.2787
2018-02-28,monthly_review,0.01931581,0.00853135,0.00179072,False,510300.SS:0.1429;513500.SS:0.1429;513100.SS:0.1429;159920.SZ:0.1429;513030.SS:0.1429;511010.SS:0.2857,510300.SS:0.1417;513500.SS:0.1437;513100.SS:0.1458;159920.SZ:0.1437;513030.SS:0.1343;511010.SS:0.2890
2018-03-01,execution,0.11000308,0.05492572,0.00483035,True,510300.SS:0.1429;513500.SS:0.1429;513100.SS:0.1429;159920.SZ:0.1429;511010.SS:0.4286,510300.SS:0.1428;513500.SS:0.1429;513100.SS:0.1428;159920.SZ:0.1428;513030.SS:0.0502;511010.SS:0.3736
2018-03-30,monthly_review,0.10944400,0.04977963,0.00494237,True,510300.SS:0.1429;513500.SS:0.1429;513100.SS:0.1429;159920.SZ:0.1429;511010.SS:0.4286,510300.SS:0.1406;513500.SS:0.1403;513100.SS:0.1402;159920.SZ:0.1408;513030.SS:0.0498;511010.SS:0.3834
2018-04-02,execution,0.00353342,0.00176671,0.00173753,False,513100.SS:0.1429;511010.SS:0.8571,513100.SS:0.1429;511010.SS:0.8554
2018-04-27,monthly_review,0.00718301,0.00359150,0.00171585,False,513100.SS:0.1429;511010.SS:0.8571,513100.SS:0.1447;511010.SS:0.8536
2018-05-02,execution,0.00273592,0.00136796,0.00128561,False,513100.SS:0.1429;159920.SZ:0.1429;511010.SS:0.7143,513100.SS:0.1429;159920.SZ:0.1429;511010.SS:0.7129
2018-05-31,monthly_review,0.01588832,0.00692979,0.00127702,False,513100.SS:0.1429;159920.SZ:0.1429;511010.SS:0.7143,513100.SS:0.1495;159920.SZ:0.1418;511010.SS:0.7074
2018-06-01,execution,0.28573728,0.14285714,0.13918666,True,513500.SS:0.1429;513100.SS:0.1429;159920.SZ:0.1429;511010.SS:0.5714,513100.SS:0.1429;159920.SZ:0.1428;511010.SS:0.5751
2018-06-29,monthly_review,0.30848670,0.14285714,0.14511958,True,513500.SS:0.1429;513100.SS:0.1429;159920.SZ:0.1429;511010.SS:0.5714,513100.SS:0.1485;159920.SZ:0.1315;511010.SS:0.5749
2018-07-02,execution,0.01041669,0.00520834,0.00511070,False,513500.SS:0.1429;513100.SS:0.1429;511010.SS:0.7143,513500.SS:0.1429;513100.SS:0.1429;511010.SS:0.7091
2018-07-31,monthly_review,0.03240573,0.01620286,0.00500591,False,513500.SS:0.1429;513100.SS:0.1429;511010.SS:0.7143,513500.SS:0.1485;513100.SS:0.1484;511010.SS:0.6981
2018-08-01,execution,0.28571429,0.14285714,0.14257027,True,513500.SS:0.1429;513100.SS:0.1429;159920.SZ:0.1429;513030.SS:0.1429;511010.SS:0.4286,513500.SS:0.1429;513100.SS:0.1429;159920.SZ:0.1429;511010.SS:0.4287
2018-08-31,monthly_review,0.30165672,0.14285714,0.14135310,True,513500.SS:0.1429;513100.SS:0.1429;159920.SZ:0.1429;513030.SS:0.1429;511010.SS:0.4286,513500.SS:0.1469;513100.SS:0.1483;159920.SZ:0.1393;511010.SS:0.4241
2018-09-03,execution,0.00232354,0.00116177,0.00090138,False,513500.SS:0.1429;513100.SS:0.1429;511010.SS:0.7143,513500.SS:0.1430;513100.SS:0.1430;511010.SS:0.7131
2018-09-28,monthly_review,0.00414103,0.00207051,0.00089692,False,513500.SS:0.1429;513100.SS:0.1429;511010.SS:0.7143,513500.SS:0.1440;513100.SS:0.1429;511010.SS:0.7122
2018-10-31,monthly_review,0.03387337,0.01602162,0.00091506,False,513500.SS:0.1429;513100.SS:0.1429;511010.SS:0.7143,513500.SS:0.1371;513100.SS:0.1316;511010.SS:0.7303
2018-11-01,execution,0.28590338,0.14285714,0.14049906,True,513500.SS:0.1429;513100.SS:0.1429;518880.SS:0.1429;511010.SS:0.5714,513500.SS:0.1428;513100.SS:0.1428;511010.SS:0.5739
2018-11-30,monthly_review,0.28873356,0.14285714,0.14021453,True,513500.SS:0.1429;513100.SS:0.1429;518880.SS:0.1429;511010.SS:0.5714,513500.SS:0.1439;513100.SS:0.1413;511010.SS:0.5745
2018-12-28,monthly_review,0.33486274,0.14285714,0.14309964,True,513500.SS:0.1429;513100.SS:0.1429;518880.SS:0.1429;511010.SS:0.5714,513500.SS:0.1314;513100.SS:0.1298;511010.SS:0.5958
2019-01-02,execution,0.00633474,0.00316737,0.00310984,False,518880.SS:0.1429;511010.SS:0.8571,518880.SS:0.1429;511010.SS:0.8540
2019-01-31,monthly_review,0.00619887,0.00267886,0.00309943,False,518880.SS:0.1429;511010.SS:0.8571,518880.SS:0.1424;511010.SS:0.8545
2019-02-01,execution,0.28582104,0.14285714,0.14006623,True,159920.SZ:0.1429;518880.SS:0.1429;511010.SS:0.7143,518880.SS:0.1428;511010.SS:0.7171
2019-02-28,monthly_review,0.28677852,0.14285714,0.14053290,True,159920.SZ:0.1429;518880.SS:0.1429;511010.SS:0.7143,518880.SS:0.1423;511010.SS:0.7171
2019-03-01,execution,0.00636196,0.00318098,0.00209969,False,510300.SS:0.1429;510500.SS:0.1429;513500.SS:0.1429;159920.SZ:0.1429;518880.SS:0.1429;511010.SS:0.2857,510300.SS:0.1431;510500.SS:0.1431;513500.SS:0.1431;159920.SZ:0.1430;518880.SS:0.1430;511010.SS:0.2825
2019-03-29,monthly_review,0.02951197,0.01050193,0.00205675,False,510300.SS:0.1429;510500.SS:0.1429;513500.SS:0.1429;159920.SZ:0.1429;518880.SS:0.1429;511010.SS:0.2857,510300.SS:0.1451;510500.SS:0.1534;513500.SS:0.1417;159920.SZ:0.1418;518880.SS:0.1382;511010.SS:0.2778
2019-04-01,execution,0.00380457,0.00190228,0.00154597,False,510300.SS:0.1429;510500.SS:0.1429;513500.SS:0.1429;513100.SS:0.1429;159920.SZ:0.1429;518880.SS:0.1429;511010.SS:0.1429,510300.SS:0.1430;510500.SS:0.1430;513500.SS:0.1429;513100.SS:0.1429;159920.SZ:0.1429;518880.SS:0.1429;511010.SS:0.1410
2019-04-30,monthly_review,0.03800099,0.01198595,0.00154134,False,510300.SS:0.1429;510500.SS:0.1429;513500.SS:0.1429;513100.SS:0.1429;159920.SZ:0.1429;518880.SS:0.1429;511010.SS:0.1429,510300.SS:0.1399;510500.SS:0.1309;513500.SS:0.1490;513100.SS:0.1536;159920.SZ:0.1435;518880.SS:0.1419;511010.SS:0.1397
2019-05-06,execution,0.28597849,0.14285714,0.14288018,True,510300.SS:0.1429;510500.SS:0.1429;513500.SS:0.1429;513100.SS:0.1429;159920.SZ:0.1429;513030.SS:0.1429;518880.SS:0.1429,510300.SS:0.1428;510500.SS:0.1429;513500.SS:0.1429;513100.SS:0.1429;159920.SZ:0.1428;518880.SS:0.1429
2019-05-31,monthly_review,0.31103558,0.14285714,0.14531072,True,510300.SS:0.1429;510500.SS:0.1429;513500.SS:0.1429;513100.SS:0.1429;159920.SZ:0.1429;513030.SS:0.1429;518880.SS:0.1429,510300.SS:0.1436;510500.SS:0.1455;513500.SS:0.1410;513100.SS:0.1371;159920.SZ:0.1378;518880.SS:0.1497
2019-06-03,execution,0.01412018,0.00706009,0.00659303,False,510300.SS:0.1429;510500.SS:0.1429;513500.SS:0.1429;513100.SS:0.1429;518880.SS:0.1429;511010.SS:0.2857,510300.SS:0.1430;510500.SS:0.1430;513500.SS:0.1429;513100.SS:0.1429;518880.SS:0.1429;511010.SS:0.2787
2019-06-28,monthly_review,0.04015147,0.01755924,0.00633558,False,510300.SS:0.1429;510500.SS:0.1429;513500.SS:0.1429;513100.SS:0.1429;518880.SS:0.1429;511010.SS:0.2857,510300.SS:0.1457;510500.SS:0.1403;513500.SS:0.1458;513100.SS:0.1471;518880.SS:0.1465;511010.SS:0.2682
2019-07-01,execution,0.00257355,0.00125973,0.00091321,False,510300.SS:0.1429;510500.SS:0.1429;513500.SS:0.1429;513100.SS:0.1429;159920.SZ:0.1429;513030.SS:0.1429;518880.SS:0.1429,510300.SS:0.1429;510500.SS:0.1428;513500.SS:0.1430;513100.SS:0.1430;159920.SZ:0.1430;513030.SS:0.1429;518880.SS:0.1416
2019-07-31,monthly_review,0.02866067,0.00533944,0.00091650,False,510300.SS:0.1429;510500.SS:0.1429;513500.SS:0.1429;513100.SS:0.1429;159920.SZ:0.1429;513030.SS:0.1429;518880.SS:0.1429,510300.SS:0.1413;510500.SS:0.1386;513500.SS:0.1462;513100.SS:0.1476;159920.SZ:0.1382;513030.SS:0.1389;518880.SS:0.1482
2019-08-30,monthly_review,0.05538498,0.02076056,0.00091264,True,510300.SS:0.1429;510500.SS:0.1429;513500.SS:0.1429;513100.SS:0.1429;159920.SZ:0.1429;513030.SS:0.1429;518880.SS:0.1429,510300.SS:0.1394;510500.SS:0.1377;513500.SS:0.1454;513100.SS:0.1463;159920.SZ:0.1305;513030.SS:0.1361;518880.SS:0.1636
2019-09-02,execution,0.00355209,0.00168740,0.00156560,False,510300.SS:0.1429;510500.SS:0.1429;513500.SS:0.1429;513100.SS:0.1429;513030.SS:0.1429;518880.SS:0.1429;511010.SS:0.1429,510300.SS:0.1428;510500.SS:0.1429;513500.SS:0.1429;513100.SS:0.1428;513030.SS:0.1429;518880.SS:0.1430;511010.SS:0.1412
2019-09-30,monthly_review,0.01592726,0.00395269,0.00156822,False,510300.SS:0.1429;510500.SS:0.1429;513500.SS:0.1429;513100.SS:0.1429;513030.SS:0.1429;518880.SS:0.1429;511010.SS:0.1429,510300.SS:0.1417;510500.SS:0.1409;513500.SS:0.1451;513100.SS:0.1430;513030.SS:0.1468;518880.SS:0.1391;511010.SS:0.1417
2019-10-31,monthly_review,0.03314292,0.00945198,0.00154250,False,510300.SS:0.1429;510500.SS:0.1429;513500.SS:0.1429;513100.SS:0.1429;513030.SS:0.1429;518880.SS:0.1429;511010.SS:0.1429,510300.SS:0.1422;510500.SS:0.1383;513500.SS:0.1449;513100.SS:0.1464;513030.SS:0.1523;518880.SS:0.1355;511010.SS:0.1389
2019-11-01,execution,0.00339181,0.00167748,0.00142051,False,510300.SS:0.1429;513500.SS:0.1429;513100.SS:0.1429;513030.SS:0.1429;518880.SS:0.1429;511010.SS:0.2857,510300.SS:0.1430;513500.SS:0.1428;513100.SS:0.1429;513030.SS:0.1429;518880.SS:0.1430;511010.SS:0.2840
2019-11-29,monthly_review,0.02527882,0.00598036,0.00141349,False,510300.SS:0.1429;513500.SS:0.1429;513100.SS:0.1429;513030.SS:0.1429;518880.SS:0.1429;511010.SS:0.2857,510300.SS:0.1374;513500.SS:0.1481;513100.SS:0.1488;513030.SS:0.1427;518880.SS:0.1371;511010.SS:0.2844
2019-12-31,monthly_review,0.02812192,0.00699353,0.00351767,False,510300.SS:0.1429;513500.SS:0.1429;513100.SS:0.1429;513030.SS:0.1429;518880.SS:0.1429;511010.SS:0.2857,510300.SS:0.1413;513500.SS:0.1464;513100.SS:0.1499;513030.SS:0.1401;518880.SS:0.1387;511010.SS:0.2801
2020-01-02,execution,0.01045505,0.00520592,0.00473083,False,510300.SS:0.1429;510500.SS:0.1429;513500.SS:0.1429;513100.SS:0.1429;159920.SZ:0.1429;513030.SS:0.1429;518880.SS:0.1429,510300.SS:0.1428;510500.SS:0.1430;513500.SS:0.1430;513100.SS:0.1429;159920.SZ:0.1429;513030.SS:0.1429;518880.SS:0.1377
2020-01-23,monthly_review,0.03154303,0.01011292,0.00471618,False,510300.SS:0.1429;510500.SS:0.1429;513500.SS:0.1429;513100.SS:0.1429;159920.SZ:0.1429;513030.SS:0.1429;518880.SS:0.1429,510300.SS:0.1371;510500.SS:0.1426;513500.SS:0.1438;513100.SS:0.1530;159920.SZ:0.1385;513030.SS:0.1407;518880.SS:0.1397
2020-02-28,monthly_review,0.05225576,0.00913209,0.00480475,True,510300.SS:0.1429;510500.SS:0.1429;513500.SS:0.1429;513100.SS:0.1429;159920.SZ:0.1429;513030.SS:0.1429;518880.SS:0.1429,510300.SS:0.1375;510500.SS:0.1476;513500.SS:0.1385;513100.SS:0.1520;159920.SZ:0.1339;513030.SS:0.1354;518880.SS:0.1503
2020-03-02,execution,0.00579925,0.00285618,0.00244416,False,510300.SS:0.1429;510500.SS:0.1429;513500.SS:0.1429;513100.SS:0.1429;518880.SS:0.1429;511010.SS:0.2857,510300.SS:0.1428;510500.SS:0.1430;513500.SS:0.1429;513100.SS:0.1430;518880.SS:0.1430;511010.SS:0.2829
2020-03-31,monthly_review,0.06880214,0.01999853,0.00261068,True,510300.SS:0.1429;510500.SS:0.1429;513500.SS:0.1429;513100.SS:0.1429;518880.SS:0.1429;511010.SS:0.2857,510300.SS:0.1373;510500.SS:0.1359;513500.SS:0.1301;513100.SS:0.1336;518880.SS:0.1546;511010.SS:0.3057
2020-04-01,execution,0.01024698,0.00511719,0.00497649,False,513100.SS:0.1429;518880.SS:0.1429;511010.SS:0.7143,513100.SS:0.1430;518880.SS:0.1429;511010.SS:0.7092
2020-04-30,monthly_review,0.05453966,0.02726983,0.00470626,True,513100.SS:0.1429;518880.SS:0.1429;511010.SS:0.7143,513100.SS:0.1648;518880.SS:0.1434;511010.SS:0.6870
2020-05-06,execution,0.25012144,0.12500000,0.12405228,True,510300.SS:0.1250;510500.SS:0.1250;513100.SS:0.1250;518880.SS:0.1250;511010.SS:0.5000,510300.SS:0.1249;513100.SS:0.1250;518880.SS:0.1250;511010.SS:0.5009
2020-05-29,monthly_review,0.26077986,0.12500000,0.12495383,True,510300.SS:0.1250;510500.SS:0.1250;513100.SS:0.1250;518880.SS:0.1250;511010.SS:0.5000,510300.SS:0.1242;513100.SS:0.1253;518880.SS:0.1301;511010.SS:0.4954
2020-06-01,execution,0.00246239,0.00113026,0.00099769,False,510500.SS:0.1250;513500.SS:0.1250;513100.SS:0.1250;513520.SS:0.1250;518880.SS:0.1250;511010.SS:0.3750,510500.SS:0.1251;513500.SS:0.1251;513100.SS:0.1249;513520.SS:0.1251;518880.SS:0.1250;511010.SS:0.3739
2020-06-30,monthly_review,0.01735411,0.00701680,0.00099587,False,510500.SS:0.1250;513500.SS:0.1250;513100.SS:0.1250;513520.SS:0.1250;518880.SS:0.1250;511010.SS:0.3750,510500.SS:0.1318;513500.SS:0.1236;513100.SS:0.1256;513520.SS:0.1247;518880.SS:0.1253;511010.SS:0.3680
2020-07-01,execution,0.25038871,0.12500000,0.12500108,True,510300.SS:0.1250;510500.SS:0.1250;513500.SS:0.1250;513100.SS:0.1250;513520.SS:0.1250;513030.SS:0.1250;518880.SS:0.1250;511010.SS:0.1250,510300.SS:0.1251;510500.SS:0.1249;513500.SS:0.1250;513100.SS:0.1249;513520.SS:0.1250;518880.SS:0.1250;511010.SS:0.1250
2020-07-31,monthly_review,0.27687130,0.12500000,0.11921786,True,510300.SS:0.1250;510500.SS:0.1250;513500.SS:0.1250;513100.SS:0.1250;513520.SS:0.1250;513030.SS:0.1250;518880.SS:0.1250;511010.SS:0.1250,510300.SS:0.1327;510500.SS:0.1340;513500.SS:0.1246;513100.SS:0.1234;513520.SS:0.1198;518880.SS:0.1276;511010.SS:0.1188
2020-08-31,monthly_review,0.30527220,0.12500000,0.11338349,True,510300.SS:0.1250;510500.SS:0.1250;513500.SS:0.1250;513100.SS:0.1250;513520.SS:0.1250;513030.SS:0.1250;518880.SS:0.1250;511010.SS:0.1250,510300.SS:0.1295;510500.SS:0.1292;513500.SS:0.1291;513100.SS:0.1514;513520.SS:0.1169;518880.SS:0.1186;511010.SS:0.1118
2020-09-30,monthly_review,0.28344250,0.12500000,0.11875796,True,510300.SS:0.1250;510500.SS:0.1250;513500.SS:0.1250;513100.SS:0.1250;513520.SS:0.1250;513030.SS:0.1250;518880.SS:0.1250;511010.SS:0.1250,510300.SS:0.1293;510500.SS:0.1259;513500.SS:0.1235;513100.SS:0.1428;513520.SS:0.1227;518880.SS:0.1198;511010.SS:0.1173
2020-10-30,monthly_review,0.28435364,0.12500000,0.12068227,True,510300.SS:0.1250;510500.SS:0.1250;513500.SS:0.1250;513100.SS:0.1250;513520.SS:0.1250;513030.SS:0.1250;518880.SS:0.1250;511010.SS:0.1250,510300.SS:0.1345;510500.SS:0.1265;513500.SS:0.1210;513100.SS:0.1354;513520.SS:0.1229;518880.SS:0.1194;511010.SS:0.1195
2020-11-02,execution,0.01072553,0.00525032,0.00509706,False,510300.SS:0.1111;510500.SS:0.1111;513100.SS:0.1111;513520.SS:0.1111;518880.SS:0.1111;159980.SZ:0.1111;511010.SS:0.3333,510300.SS:0.1110;510500.SS:0.1111;513100.SS:0.1112;513520.SS:0.1111;518880.SS:0.1112;159980.SZ:0.1111;511010.SS:0.3281
2020-11-30,monthly_review,0.05496702,0.01507261,0.00496047,True,510300.SS:0.1111;510500.SS:0.1111;513100.SS:0.1111;513520.SS:0.1111;518880.SS:0.1111;159980.SZ:0.1111;511010.SS:0.3333,510300.SS:0.1136;510500.SS:0.1116;513100.SS:0.1099;513520.SS:0.1224;518880.SS:0.0999;159980.SZ:0.1195;511010.SS:0.3183
2020-12-01,execution,0.00643153,0.00321576,0.00251516,False,510300.SS:0.1111;510500.SS:0.1111;513500.SS:0.1111;513100.SS:0.1111;159920.SZ:0.1111;513520.SS:0.1111;513030.SS:0.1111;159980.SZ:0.1111;511010.SS:0.1111,510300.SS:0.1113;510500.SS:0.1112;513500.SS:0.1111;513100.SS:0.1111;159920.SZ:0.1112;513520.SS:0.1112;513030.SS:0.1112;159980.SZ:0.1112;511010.SS:0.1079
2020-12-31,monthly_review,0.01747461,0.00413166,0.00247916,False,510300.SS:0.1111;510500.SS:0.1111;513500.SS:0.1111;513100.SS:0.1111;159920.SZ:0.1111;513520.SS:0.1111;513030.SS:0.1111;159980.SZ:0.1111;511010.SS:0.1111,510300.SS:0.1128;510500.SS:0.1089;513500.SS:0.1113;513100.SS:0.1098;159920.SZ:0.1115;513520.SS:0.1120;513030.SS:0.1142;159980.SZ:0.1100;511010.SS:0.1070
2021-01-29,monthly_review,0.02248684,0.00407364,0.00402026,False,510300.SS:0.1111;510500.SS:0.1111;513500.SS:0.1111;513100.SS:0.1111;159920.SZ:0.1111;513520.SS:0.1111;513030.SS:0.1111;159980.SZ:0.1111;511010.SS:0.1111,510300.SS:0.1143;510500.SS:0.1087;513500.SS:0.1109;513100.SS:0.1087;159920.SZ:0.1152;513520.SS:0.1101;513030.SS:0.1102;159980.SZ:0.1107;511010.SS:0.1072
2021-02-26,monthly_review,0.04058906,0.01152364,0.00392616,False,510300.SS:0.1111;510500.SS:0.1111;513500.SS:0.1111;513100.SS:0.1111;159920.SZ:0.1111;513520.SS:0.1111;513030.SS:0.1111;159980.SZ:0.1111;511010.SS:0.1111,510300.SS:0.1112;510500.SS:0.1067;513500.SS:0.1104;513100.SS:0.1042;159920.SZ:0.1154;513520.SS:0.1116;513030.SS:0.1092;159980.SZ:0.1226;511010.SS:0.1048
2021-03-31,monthly_review,0.04806111,0.00606651,0.00392940,False,510300.SS:0.1111;510500.SS:0.1111;513500.SS:0.1111;513100.SS:0.1111;159920.SZ:0.1111;513520.SS:0.1111;513030.SS:0.1111;159980.SZ:0.1111;511010.SS:0.1111,510300.SS:0.1055;510500.SS:0.1050;513500.SS:0.1163;513100.SS:0.1063;159920.SZ:0.1141;513520.SS:0.1095;513030.SS:0.1171;159980.SZ:0.1171;511010.SS:0.1052
2021-04-01,execution,0.01339524,0.00654221,0.00661243,False,510300.SS:0.1111;513500.SS:0.1111;513100.SS:0.1111;159920.SZ:0.1111;513520.SS:0.1111;513030.SS:0.1111;159980.SZ:0.1111;511010.SS:0.2222,510300.SS:0.1112;513500.SS:0.1111;513100.SS:0.1110;159920.SZ:0.1111;513520.SS:0.1111;513030.SS:0.1111;159980.SZ:0.1111;511010.SS:0.2157
2021-04-30,monthly_review,0.03623020,0.00948254,0.00648505,False,510300.SS:0.1111;513500.SS:0.1111;513100.SS:0.1111;159920.SZ:0.1111;513520.SS:0.1111;513030.SS:0.1111;159980.SZ:0.1111;511010.SS:0.2222,510300.SS:0.1094;513500.SS:0.1137;513100.SS:0.1135;159920.SZ:0.1078;513520.SS:0.1075;513030.SS:0.1115;159980.SZ:0.1174;511010.SS:0.2127
2021-05-06,execution,0.00226321,0.00096281,0.00078898,False,510300.SS:0.1111;510500.SS:0.1111;513500.SS:0.1111;513100.SS:0.1111;159920.SZ:0.1111;513520.SS:0.1111;513030.SS:0.1111;159980.SZ:0.1111;511010.SS:0.1111,510300.SS:0.1111;510500.SS:0.1110;513500.SS:0.1112;513100.SS:0.1112;159920.SZ:0.1112;513520.SS:0.1112;513030.SS:0.1111;159980.SZ:0.1112;511010.SS:0.1101
2021-05-31,monthly_review,0.02125260,0.00530026,0.00078389,False,510300.SS:0.1111;510500.SS:0.1111;513500.SS:0.1111;513100.SS:0.1111;159920.SZ:0.1111;513520.SS:0.1111;513030.SS:0.1111;159980.SZ:0.1111;511010.SS:0.1111,510300.SS:0.1164;510500.SS:0.1147;513500.SS:0.1090;513100.SS:0.1096;159920.SZ:0.1106;513520.SS:0.1061;513030.SS:0.1118;159980.SZ:0.1114;511010.SS:0.1097
2021-06-30,monthly_review,0.02730920,0.00606482,0.00077556,False,510300.SS:0.1111;510500.SS:0.1111;513500.SS:0.1111;513100.SS:0.1111;159920.SZ:0.1111;513520.SS:0.1111;513030.SS:0.1111;159980.SZ:0.1111;511010.SS:0.1111,510300.SS:0.1134;510500.SS:0.1153;513500.SS:0.1114;513100.SS:0.1172;159920.SZ:0.1104;513520.SS:0.1054;513030.SS:0.1103;159980.SZ:0.1068;511010.SS:0.1091
2021-07-30,monthly_review,0.04944368,0.01074575,0.00078621,False,510300.SS:0.1111;510500.SS:0.1111;513500.SS:0.1111;513100.SS:0.1111;159920.SZ:0.1111;513520.SS:0.1111;513030.SS:0.1111;159980.SZ:0.1111;511010.SS:0.1111,510300.SS:0.1066;510500.SS:0.1169;513500.SS:0.1157;513100.SS:0.1206;159920.SZ:0.1004;513520.SS:0.1022;513030.SS:0.1106;159980.SZ:0.1145;511010.SS:0.1117
2021-08-02,execution,0.00174358,0.00085363,0.00058240,False,510500.SS:0.1111;513500.SS:0.1111;513100.SS:0.1111;513030.SS:0.1111;159980.SZ:0.1111;511010.SS:0.4444,510500.SS:0.1113;513500.SS:0.1111;513100.SS:0.1111;513030.SS:0.1111;159980.SZ:0.1111;511010.SS:0.4436
2021-08-31,monthly_review,0.02010812,0.00853175,0.00057295,False,510500.SS:0.1111;513500.SS:0.1111;513100.SS:0.1111;513030.SS:0.1111;159980.SZ:0.1111;511010.SS:0.4444,510500.SS:0.1158;513500.SS:0.1124;513100.SS:0.1147;513030.SS:0.1109;159980.SZ:0.1098;511010.SS:0.4359
2021-09-30,monthly_review,0.01084970,0.00426668,0.00058344,False,510500.SS:0.1111;513500.SS:0.1111;513100.SS:0.1111;513030.SS:0.1111;159980.SZ:0.1111;511010.SS:0.4444,510500.SS:0.1154;513500.SS:0.1104;513100.SS:0.1105;513030.SS:0.1074;159980.SZ:0.1107;511010.SS:0.4450
2021-10-08,execution,0.01344923,0.00644268,0.00672462,False,510500.SS:0.1111;513500.SS:0.1111;513100.SS:0.1111;159980.SZ:0.1111;511010.SS:0.5556,510500.SS:0.1109;513500.SS:0.1111;513100.SS:0.1111;159980.SZ:0.1111;511010.SS:0.5491
2021-10-29,monthly_review,0.02592365,0.01084977,0.00669536,False,510500.SS:0.1111;513500.SS:0.1111;513100.SS:0.1111;159980.SZ:0.1111;511010.SS:0.5556,510500.SS:0.1096;513500.SS:0.1138;513100.SS:0.1147;159980.SZ:0.1105;511010.SS:0.5447
2021-11-30,monthly_review,0.03300669,0.01438826,0.00660720,False,510500.SS:0.1111;513500.SS:0.1111;513100.SS:0.1111;159980.SZ:0.1111;511010.SS:0.5556,510500.SS:0.1115;513500.SS:0.1135;513100.SS:0.1182;159980.SZ:0.1090;511010.SS:0.5412
2021-12-31,monthly_review,0.03537347,0.01768673,0.00651760,False,510500.SS:0.1111;513500.SS:0.1111;513100.SS:0.1111;159980.SZ:0.1111;511010.SS:0.5556,510500.SS:0.1116;513500.SS:0.1156;513100.SS:0.1169;159980.SZ:0.1115;511010.SS:0.5379
2022-01-28,monthly_review,0.03815267,0.00808411,0.00673316,False,510500.SS:0.1111;513500.SS:0.1111;513100.SS:0.1111;159980.SZ:0.1111;511010.SS:0.5556,510500.SS:0.1030;513500.SS:0.1077;513100.SS:0.1035;159980.SZ:0.1190;511010.SS:0.5600
2022-02-07,execution,0.00952864,0.00474946,0.00476432,False,159980.SZ:0.1111;511010.SS:0.8889,159980.SZ:0.1111;511010.SS:0.8841
2022-02-28,monthly_review,0.01395787,0.00697893,0.00476503,False,159980.SZ:0.1111;511010.SS:0.8889,159980.SZ:0.1133;511010.SS:0.8819
2022-03-01,execution,0.00196541,0.00098271,0.00088536,False,518880.SS:0.1111;159980.SZ:0.1111;511010.SS:0.7778,518880.SS:0.1112;159980.SZ:0.1112;511010.SS:0.7768
2022-03-31,monthly_review,0.01604511,0.00802256,0.00087608,False,518880.SS:0.1111;159980.SZ:0.1111;511010.SS:0.7778,518880.SS:0.1114;159980.SZ:0.1180;511010.SS:0.7698
2022-04-01,execution,0.00090935,0.00040095,0.00036740,False,513500.SS:0.1111;518880.SS:0.1111;159980.SZ:0.1111;511010.SS:0.6667,513500.SS:0.1111;518880.SS:0.1111;159980.SZ:0.1112;511010.SS:0.6663
2022-04-29,monthly_review,0.00587799,0.00266964,0.00036677,False,513500.SS:0.1111;518880.SS:0.1111;159980.SZ:0.1111;511010.SS:0.6667,513500.SS:0.1084;518880.SS:0.1134;159980.SZ:0.1114;511010.SS:0.6664
2022-05-05,execution,0.01124268,0.00561620,0.00558596,False,518880.SS:0.1111;159980.SZ:0.1111;511010.SS:0.7778,518880.SS:0.1111;159980.SZ:0.1111;511010.SS:0.7722
2022-05-31,monthly_review,0.01119702,0.00326846,0.00559851,False,518880.SS:0.1111;159980.SZ:0.1111;511010.SS:0.7778,518880.SS:0.1099;159980.SZ:0.1078;511010.SS:0.7766
2022-06-30,monthly_review,0.03203577,0.01484621,0.00568593,False,518880.SS:0.1111;159980.SZ:0.1111;511010.SS:0.7778,518880.SS:0.1099;159980.SZ:0.0963;511010.SS:0.7881
2022-07-01,execution,0.00896459,0.00448230,0.00439522,False,518880.SS:0.1111;511010.SS:0.8889,518880.SS:0.1112;511010.SS:0.8844
2022-07-29,monthly_review,0.00876358,0.00310372,0.00438179,False,518880.SS:0.1111;511010.SS:0.8889,518880.SS:0.1098;511010.SS:0.8858
2022-08-31,monthly_review,0.00870077,0.00254689,0.00435038,False,518880.SS:0.1111;511010.SS:0.8889,518880.SS:0.1093;511010.SS:0.8863
2022-09-01,execution,0.01059199,0.00529600,0.00529600,False,511010.SS:1.0000,511010.SS:0.9947
2022-09-30,monthly_review,0.01065262,0.00532631,0.00532631,False,511010.SS:1.0000,511010.SS:0.9947
2022-10-10,execution,0.00251088,0.00125544,0.00115071,False,518880.SS:0.1111;511010.SS:0.8889,518880.SS:0.1112;511010.SS:0.8876
2022-10-31,monthly_review,0.00229093,0.00065620,0.00114547,False,518880.SS:0.1111;511010.SS:0.8889,518880.SS:0.1106;511010.SS:0.8882
2022-11-01,execution,0.22281118,0.11111111,0.10842876,True,513500.SS:0.1111;518880.SS:0.1111;511010.SS:0.7778,518880.SS:0.1108;511010.SS:0.7808
2022-11-30,monthly_review,0.22509442,0.11111111,0.10867922,True,513500.SS:0.1111;518880.SS:0.1111;511010.SS:0.7778,518880.SS:0.1150;511010.SS:0.7763
2022-12-01,execution,0.22222222,0.11111111,0.10900202,True,510500.SS:0.1111;513500.SS:0.1111;513520.SS:0.1111;513030.SS:0.1111;518880.SS:0.1111;159980.SZ:0.1111;511010.SS:0.3333,510500.SS:0.1112;513500.SS:0.1112;513520.SS:0.1111;513030.SS:0.1111;518880.SS:0.1112;511010.SS:0.3351
2022-12-30,monthly_review,0.25328039,0.11111111,0.11164704,True,510500.SS:0.1111;513500.SS:0.1111;513520.SS:0.1111;513030.SS:0.1111;518880.SS:0.1111;159980.SZ:0.1111;511010.SS:0.3333,510500.SS:0.1083;513500.SS:0.1049;513520.SS:0.1066;513030.SS:0.1091;518880.SS:0.1148;511010.SS:0.3447
2023-01-03,execution,0.01102605,0.00550998,0.00528884,False,159920.SZ:0.1111;513030.SS:0.1111;518880.SS:0.1111;159980.SZ:0.1111;511010.SS:0.5556,159920.SZ:0.1111;513030.SS:0.1112;518880.SS:0.1112;159980.SZ:0.1112;511010.SS:0.5500
2023-01-31,monthly_review,0.03244111,0.01622056,0.00519508,False,159920.SZ:0.1111;513030.SS:0.1111;518880.SS:0.1111;159980.SZ:0.1111;511010.SS:0.5556,159920.SZ:0.1145;513030.SS:0.1163;518880.SS:0.1115;159980.SZ:0.1132;511010.SS:0.5393
2023-02-01,execution,0.22240770,0.11111111,0.11086420,True,510300.SS:0.1111;510500.SS:0.1111;159920.SZ:0.1111;513520.SS:0.1111;513030.SS:0.1111;518880.SS:0.1111;159980.SZ:0.1111;511010.SS:0.2222,510300.SS:0.1111;510500.SS:0.1113;159920.SZ:0.1111;513030.SS:0.1111;518880.SS:0.1112;159980.SZ:0.1111;511010.SS:0.2221
2023-02-28,monthly_review,0.24416021,0.11111111,0.11268317,True,510300.SS:0.1111;510500.SS:0.1111;159920.SZ:0.1111;513520.SS:0.1111;513030.SS:0.1111;518880.SS:0.1111;159980.SZ:0.1111;511010.SS:0.2222,510300.SS:0.1097;510500.SS:0.1131;159920.SZ:0.1053;513030.SS:0.1149;518880.SS:0.1109;159980.SZ:0.1075;511010.SS:0.2259
2023-03-01,execution,0.00620413,0.00310206,0.00256097,False,510300.SS:0.1111;510500.SS:0.1111;513500.SS:0.1111;513100.SS:0.1111;159920.SZ:0.1111;513520.SS:0.1111;513030.SS:0.1111;518880.SS:0.1111;159980.SZ:0.1111,510300.SS:0.1111;510500.SS:0.1113;513500.SS:0.1112;513100.SS:0.1112;159920.SZ:0.1112;513520.SS:0.1112;513030.SS:0.1112;518880.SS:0.1111;159980.SZ:0.1080
2023-03-31,monthly_review,0.03395795,0.00746179,0.00251924,False,510300.SS:0.1111;510500.SS:0.1111;513500.SS:0.1111;513100.SS:0.1111;159920.SZ:0.1111;513520.SS:0.1111;513030.SS:0.1111;518880.SS:0.1111;159980.SZ:0.1111,510300.SS:0.1074;510500.SS:0.1086;513500.SS:0.1108;513100.SS:0.1165;159920.SZ:0.1081;513520.SS:0.1140;513030.SS:0.1122;518880.SS:0.1162;159980.SZ:0.1036
2023-04-28,monthly_review,0.04976293,0.00948585,0.00249897,False,510300.SS:0.1111;510500.SS:0.1111;513500.SS:0.1111;513100.SS:0.1111;159920.SZ:0.1111;513520.SS:0.1111;513030.SS:0.1111;518880.SS:0.1111;159980.SZ:0.1111,510300.SS:0.1059;510500.SS:0.1063;513500.SS:0.1129;513100.SS:0.1175;159920.SZ:0.1057;513520.SS:0.1155;513030.SS:0.1164;518880.SS:0.1157;159980.SZ:0.1016
2023-05-31,monthly_review,0.09591229,0.01953697,0.00248750,True,510300.SS:0.1111;510500.SS:0.1111;513500.SS:0.1111;513100.SS:0.1111;159920.SZ:0.1111;513520.SS:0.1111;513030.SS:0.1111;518880.SS:0.1111;159980.SZ:0.1111,510300.SS:0.0996;510500.SS:0.1027;513500.SS:0.1173;513100.SS:0.1306;159920.SZ:0.0983;513520.SS:0.1227;513030.SS:0.1134;518880.SS:0.1170;159980.SZ:0.0958
2023-06-01,execution,0.00223429,0.00111225,0.00097294,False,513500.SS:0.1111;513100.SS:0.1111;513520.SS:0.1111;513030.SS:0.1111;518880.SS:0.1111;511010.SS:0.4444,513500.SS:0.1112;513100.SS:0.1112;513520.SS:0.1111;513030.SS:0.1111;518880.SS:0.1112;511010.SS:0.4433
2023-06-30,monthly_review,0.03022477,0.01194703,0.00094770,False,513500.SS:0.1111;513100.SS:0.1111;513520.SS:0.1111;513030.SS:0.1111;518880.SS:0.1111;511010.SS:0.4444,513500.SS:0.1159;513100.SS:0.1156;513520.SS:0.1137;513030.SS:0.1133;518880.SS:0.1079;511010.SS:0.4325
2023-07-03,execution,0.00150504,0.00069144,0.00067530,False,513500.SS:0.1111;513100.SS:0.1111;159920.SZ:0.1111;513520.SS:0.1111;513030.SS:0.1111;518880.SS:0.1111;511010.SS:0.3333,513500.SS:0.1111;513100.SS:0.1111;159920.SZ:0.1112;513520.SS:0.1111;513030.SS:0.1111;518880.SS:0.1111;511010.SS:0.3326
2023-07-31,monthly_review,0.01317128,0.00360931,0.00066880,False,513500.SS:0.1111;513100.SS:0.1111;159920.SZ:0.1111;513520.SS:0.1111;513030.SS:0.1111;518880.SS:0.1111;511010.SS:0.3333,513500.SS:0.1113;513100.SS:0.1131;159920.SZ:0.1147;513520.SS:0.1081;513030.SS:0.1110;518880.SS:0.1113;511010.SS:0.3298
2023-08-01,execution,0.22222222,0.11111111,0.11068148,True,510300.SS:0.1111;510500.SS:0.1111;513500.SS:0.1111;513100.SS:0.1111;159920.SZ:0.1111;513520.SS:0.1111;513030.SS:0.1111;518880.SS:0.1111;159980.SZ:0.1111,510300.SS:0.1111;510500.SS:0.1113;513500.SS:0.1112;513100.SS:0.1111;159920.SZ:0.1111;513520.SS:0.1111;513030.SS:0.1111;518880.SS:0.1113
2023-08-31,monthly_review,0.24645897,0.11111111,0.11346625,True,510300.SS:0.1111;510500.SS:0.1111;513500.SS:0.1111;513100.SS:0.1111;159920.SZ:0.1111;513520.SS:0.1111;513030.SS:0.1111;518880.SS:0.1111;159980.SZ:0.1111,510300.SS:0.1076;510500.SS:0.1075;513500.SS:0.1143;513100.SS:0.1126;159920.SZ:0.1065;513520.SS:0.1108;513030.SS:0.1115;518880.SS:0.1158
2023-09-01,execution,0.00097925,0.00046838,0.00043143,False,513500.SS:0.1111;513100.SS:0.1111;513520.SS:0.1111;513030.SS:0.1111;518880.SS:0.1111;159980.SZ:0.1111;511010.SS:0.3333,513500.SS:0.1112;513100.SS:0.1111;513520.SS:0.1111;513030.SS:0.1111;518880.SS:0.1111;159980.SZ:0.1111;511010.SS:0.3329
2023-09-28,monthly_review,0.02056095,0.00804248,0.00044355,False,513500.SS:0.1111;513100.SS:0.1111;513520.SS:0.1111;513030.SS:0.1111;518880.SS:0.1111;159980.SZ:0.1111;511010.SS:0.3333,513500.SS:0.1089;513100.SS:0.1083;513520.SS:0.1103;513030.SS:0.1066;518880.SS:0.1129;159980.SZ:0.1111;511010.SS:0.3414
2023-10-09,execution,0.00297593,0.00148796,0.00131907,False,513500.SS:0.1111;513100.SS:0.1111;513520.SS:0.1111;518880.SS:0.1111;511010.SS:0.5556,513500.SS:0.1112;513100.SS:0.1111;513520.SS:0.1111;518880.SS:0.1112;511010.SS:0.5541
2023-10-31,monthly_review,0.01507943,0.00583360,0.00132280,False,513500.SS:0.1111;513100.SS:0.1111;513520.SS:0.1111;518880.SS:0.1111;511010.SS:0.5556,513500.SS:0.1085;513100.SS:0.1072;513520.SS:0.1101;518880.SS:0.1169;511010.SS:0.5559
2023-11-01,execution,0.00689703,0.00333902,0.00337768,False,513500.SS:0.1111;513100.SS:0.1111;518880.SS:0.1111;511010.SS:0.6667,513500.SS:0.1112;513100.SS:0.1111;518880.SS:0.1110;511010.SS:0.6633
2023-11-30,monthly_review,0.03032401,0.01308274,0.00332786,False,513500.SS:0.1111;513100.SS:0.1111;518880.SS:0.1111;511010.SS:0.6667,513500.SS:0.1160;513100.SS:0.1181;518880.SS:0.1090;511010.SS:0.6536
2023-12-01,execution,0.00414452,0.00207051,0.00082566,False,513500.SS:0.1111;513100.SS:0.1111;513520.SS:0.1111;513030.SS:0.1111;518880.SS:0.1111;511010.SS:0.4444,513500.SS:0.1111;513100.SS:0.1111;513520.SS:0.1111;513030.SS:0.1111;518880.SS:0.1090;511010.SS:0.4457
2023-12-29,monthly_review,0.02048161,0.00666993,0.00080397,False,513500.SS:0.1111;513100.SS:0.1111;513520.SS:0.1111;513030.SS:0.1111;518880.SS:0.1111;511010.SS:0.4444,513500.SS:0.1127;513100.SS:0.1143;513520.SS:0.1150;513030.SS:0.1119;518880.SS:0.1075;511010.SS:0.4378
2024-01-02,execution,0.00360931,0.00179528,0.00164079,False,513500.SS:0.1111;513100.SS:0.1111;513520.SS:0.1111;513030.SS:0.1111;518880.SS:0.1111;159980.SZ:0.1111;511010.SS:0.3333,513500.SS:0.1111;513100.SS:0.1111;513520.SS:0.1111;513030.SS:0.1112;518880.SS:0.1112;159980.SZ:0.1112;511010.SS:0.3315
2024-01-31,monthly_review,0.02560676,0.00616963,0.00160838,False,513500.SS:0.1111;513100.SS:0.1111;513520.SS:0.1111;513030.SS:0.1111;518880.SS:0.1111;159980.SZ:0.1111;511010.SS:0.3333,513500.SS:0.1134;513100.SS:0.1138;513520.SS:0.1173;513030.SS:0.1093;518880.SS:0.1087;159980.SZ:0.1086;511010.SS:0.3273
2024-02-29,monthly_review,0.04999035,0.01450444,0.00156778,False,513500.SS:0.1111;513100.SS:0.1111;513520.SS:0.1111;513030.SS:0.1111;518880.SS:0.1111;159980.SZ:0.1111;511010.SS:0.3333,513500.SS:0.1171;513100.SS:0.1141;513520.SS:0.1256;513030.SS:0.1099;518880.SS:0.1058;159980.SZ:0.1059;511010.SS:0.3200
2024-03-29,monthly_review,0.05360323,0.02228956,0.00152030,True,513500.SS:0.1111;513100.SS:0.1111;513520.SS:0.1111;513030.SS:0.1111;518880.SS:0.1111;159980.SZ:0.1111;511010.SS:0.3333,513500.SS:0.1189;513100.SS:0.1138;513520.SS:0.1224;513030.SS:0.1126;518880.SS:0.1131;159980.SZ:0.1066;511010.SS:0.3110
2024-04-30,monthly_review,0.04086985,0.01875021,0.00153318,False,513500.SS:0.1111;513100.SS:0.1111;513520.SS:0.1111;513030.SS:0.1111;518880.SS:0.1111;159980.SZ:0.1111;511010.SS:0.3333,513500.SS:0.1136;513100.SS:0.1115;513520.SS:0.1131;513030.SS:0.1094;518880.SS:0.1177;159980.SZ:0.1186;511010.SS:0.3146
2024-05-06,execution,0.22656027,0.11111111,0.11008308,True,510300.SS:0.1111;513500.SS:0.1111;513100.SS:0.1111;159920.SZ:0.1111;513520.SS:0.1111;513030.SS:0.1111;518880.SS:0.1111;159980.SZ:0.1111;511010.SS:0.1111,510300.SS:0.1112;513500.SS:0.1112;513100.SS:0.1112;513520.SS:0.1111;513030.SS:0.1089;518880.SS:0.1111;159980.SZ:0.1112;511010.SS:0.1139
2024-05-31,monthly_review,0.24093245,0.11111111,0.10914720,True,510300.SS:0.1111;513500.SS:0.1111;513100.SS:0.1111;159920.SZ:0.1111;513520.SS:0.1111;513030.SS:0.1111;518880.SS:0.1111;159980.SZ:0.1111;511010.SS:0.1111,510300.SS:0.1083;513500.SS:0.1133;513100.SS:0.1146;513520.SS:0.1050;513030.SS:0.1107;518880.SS:0.1121;159980.SZ:0.1137;511010.SS:0.1133
2024-06-28,monthly_review,0.26330928,0.11111111,0.10761342,True,510300.SS:0.1111;513500.SS:0.1111;513100.SS:0.1111;159920.SZ:0.1111;513520.SS:0.1111;513030.SS:0.1111;518880.SS:0.1111;159980.SZ:0.1111;511010.SS:0.1111,510300.SS:0.1039;513500.SS:0.1218;513100.SS:0.1231;513520.SS:0.1069;513030.SS:0.1077;518880.SS:0.1095;159980.SZ:0.1069;511010.SS:0.1124
2024-07-01,execution,0.00922406,0.00449421,0.00448540,False,513500.SS:0.1111;513100.SS:0.1111;159920.SZ:0.1111;513520.SS:0.1111;513030.SS:0.1111;518880.SS:0.1111;159980.SZ:0.1111;511010.SS:0.2222,513500.SS:0.1111;513100.SS:0.1111;159920.SZ:0.1111;513520.SS:0.1112;513030.SS:0.1111;518880.SS:0.1110;159980.SZ:0.1111;511010.SS:0.2177
2024-07-31,monthly_review,0.02692877,0.00566117,0.00450195,False,513500.SS:0.1111;513100.SS:0.1111;159920.SZ:0.1111;513520.SS:0.1111;513030.SS:0.1111;518880.SS:0.1111;159980.SZ:0.1111;511010.SS:0.2222,513500.SS:0.1104;513100.SS:0.1082;159920.SZ:0.1090;513520.SS:0.1163;513030.SS:0.1117;518880.SS:0.1143;159980.SZ:0.1054;511010.SS:0.2201
2024-08-01,execution,0.01143358,0.00571679,0.00309897,False,510300.SS:0.1111;513500.SS:0.1111;513100.SS:0.1111;159920.SZ:0.1111;513520.SS:0.1111;513030.SS:0.1111;518880.SS:0.1111;159980.SZ:0.1111;511010.SS:0.1111,510300.SS:0.1112;513500.SS:0.1112;513100.SS:0.1112;159920.SZ:0.1112;513520.SS:0.1112;513030.SS:0.1112;518880.SS:0.1112;159980.SZ:0.1054;511010.SS:0.1132
2024-08-30,monthly_review,0.02429686,0.00552703,0.00309329,False,510300.SS:0.1111;513500.SS:0.1111;513100.SS:0.1111;159920.SZ:0.1111;513520.SS:0.1111;513030.SS:0.1111;518880.SS:0.1111;159980.SZ:0.1111;511010.SS:0.1111,510300.SS:0.1081;513500.SS:0.1113;513100.SS:0.1075;159920.SZ:0.1139;513520.SS:0.1119;513030.SS:0.1138;518880.SS:0.1118;159980.SZ:0.1056;511010.SS:0.1130
2024-09-02,execution,0.00295846,0.00143581,0.00133256,False,513500.SS:0.1111;513100.SS:0.1111;159920.SZ:0.1111;513520.SS:0.1111;513030.SS:0.1111;518880.SS:0.1111;159980.SZ:0.1111;511010.SS:0.2222,513500.SS:0.1111;513100.SS:0.1111;159920.SZ:0.1111;513520.SS:0.1111;513030.SS:0.1111;518880.SS:0.1112;159980.SZ:0.1111;511010.SS:0.2208
2024-09-30,monthly_review,0.05493364,0.01963950,0.00129534,True,513500.SS:0.1111;513100.SS:0.1111;159920.SZ:0.1111;513520.SS:0.1111;513030.SS:0.1111;518880.SS:0.1111;159980.SZ:0.1111;511010.SS:0.2222,513500.SS:0.1031;513100.SS:0.1065;159920.SZ:0.1308;513520.SS:0.1050;513030.SS:0.1105;518880.SS:0.1123;159980.SZ:0.1164;511010.SS:0.2142
2024-10-08,execution,0.00668004,0.00334002,0.00293810,False,510300.SS:0.1111;510500.SS:0.1111;513500.SS:0.1111;513100.SS:0.1111;159920.SZ:0.1111;513030.SS:0.1111;518880.SS:0.1111;159980.SZ:0.1111;511010.SS:0.1111,510300.SS:0.1112;510500.SS:0.1111;513500.SS:0.1112;513100.SS:0.1112;159920.SZ:0.1112;513030.SS:0.1078;518880.SS:0.1112;159980.SZ:0.1112;511010.SS:0.1111
2024-10-31,monthly_review,0.04789129,0.01058656,0.00295220,False,510300.SS:0.1111;510500.SS:0.1111;513500.SS:0.1111;513100.SS:0.1111;159920.SZ:0.1111;513030.SS:0.1111;518880.SS:0.1111;159980.SZ:0.1111;511010.SS:0.1111,510300.SS:0.1005;510500.SS:0.1073;513500.SS:0.1178;513100.SS:0.1162;159920.SZ:0.1068;513030.SS:0.1086;518880.SS:0.1193;159980.SZ:0.1084;511010.SS:0.1122
2024-11-29,monthly_review,0.06816282,0.01659236,0.00292749,True,510300.SS:0.1111;510500.SS:0.1111;513500.SS:0.1111;513100.SS:0.1111;159920.SZ:0.1111;513030.SS:0.1111;518880.SS:0.1111;159980.SZ:0.1111;511010.SS:0.1111,510300.SS:0.1004;510500.SS:0.1054;513500.SS:0.1277;513100.SS:0.1209;159920.SZ:0.1021;513030.SS:0.1081;518880.SS:0.1148;159980.SZ:0.1055;511010.SS:0.1121
2024-12-02,execution,0.01079157,0.00516637,0.00536842,False,510300.SS:0.1111;510500.SS:0.1111;513500.SS:0.1111;513100.SS:0.1111;159920.SZ:0.1111;513030.SS:0.1111;518880.SS:0.1111;511010.SS:0.2222,510300.SS:0.1111;510500.SS:0.1110;513500.SS:0.1111;513100.SS:0.1111;159920.SZ:0.1111;513030.SS:0.1111;518880.SS:0.1110;511010.SS:0.2171
2024-12-31,monthly_review,0.02625195,0.00563685,0.00533256,False,510300.SS:0.1111;510500.SS:0.1111;513500.SS:0.1111;513100.SS:0.1111;159920.SZ:0.1111;513030.SS:0.1111;518880.SS:0.1111;511010.SS:0.2222,510300.SS:0.1101;510500.SS:0.1062;513500.SS:0.1085;513100.SS:0.1167;159920.SZ:0.1130;513030.SS:0.1111;518880.SS:0.1113;511010.SS:0.2177
2025-01-02,execution,0.22248029,0.11111111,0.10931948,True,510300.SS:0.1111;510500.SS:0.1111;513500.SS:0.1111;513100.SS:0.1111;159920.SZ:0.1111;513520.SS:0.1111;513030.SS:0.1111;518880.SS:0.1111;511010.SS:0.1111,510300.SS:0.1111;510500.SS:0.1110;513500.SS:0.1112;513100.SS:0.1112;159920.SZ:0.1111;513030.SS:0.1111;518880.SS:0.1113;511010.SS:0.1127
2025-01-27,monthly_review,0.24763427,0.11111111,0.10871056,True,510300.SS:0.1111;510500.SS:0.1111;513500.SS:0.1111;513100.SS:0.1111;159920.SZ:0.1111;513520.SS:0.1111;513030.SS:0.1111;518880.SS:0.1111;511010.SS:0.1111,510300.SS:0.1086;510500.SS:0.1076;513500.SS:0.1094;513100.SS:0.1069;159920.SZ:0.1110;513030.SS:0.1244;518880.SS:0.1130;511010.SS:0.1104
2025-02-28,monthly_review,0.27644580,0.11111111,0.10758547,True,510300.SS:0.1111;510500.SS:0.1111;513500.SS:0.1111;513100.SS:0.1111;159920.SZ:0.1111;513520.SS:0.1111;513030.SS:0.1111;518880.SS:0.1111;511010.SS:0.1111,510300.SS:0.1099;510500.SS:0.1119;513500.SS:0.1002;513100.SS:0.0990;159920.SZ:0.1248;513030.SS:0.1223;518880.SS:0.1162;511010.SS:0.1083
2025-03-03,execution,0.22881056,0.11437775,0.11422383,True,510300.SS:0.1111;510500.SS:0.1111;513500.SS:0.1111;513100.SS:0.1111;159920.SZ:0.1111;513030.SS:0.1111;518880.SS:0.1111;511010.SS:0.2222,510300.SS:0.1112;510500.SS:0.1111;513500.SS:0.1111;513100.SS:0.1111;159920.SZ:0.1111;513030.SS:0.1111;518880.SS:0.1112;511010.SS:0.1078
2025-03-31,monthly_review,0.26214611,0.11407952,0.11487714,True,510300.SS:0.1111;510500.SS:0.1111;513500.SS:0.1111;513100.SS:0.1111;159920.SZ:0.1111;513030.SS:0.1111;518880.SS:0.1111;511010.SS:0.2222,510300.SS:0.1119;510500.SS:0.1113;513500.SS:0.1030;513100.SS:0.1023;159920.SZ:0.1125;513030.SS:0.1145;518880.SS:0.1215;511010.SS:0.1081
2025-04-01,execution,0.00901935,0.00437507,0.00439684,False,510300.SS:0.1111;510500.SS:0.1111;159920.SZ:0.1111;513030.SS:0.1111;518880.SS:0.1111;159980.SZ:0.1111;511010.SS:0.3333,510300.SS:0.1111;510500.SS:0.1110;159920.SZ:0.1111;513030.SS:0.1112;518880.SS:0.1111;159980.SZ:0.1111;511010.SS:0.3290
2025-04-30,monthly_review,0.03327849,0.00719394,0.00442068,False,510300.SS:0.1111;510500.SS:0.1111;159920.SZ:0.1111;513030.SS:0.1111;518880.SS:0.1111;159980.SZ:0.1111;511010.SS:0.3333,510300.SS:0.1084;510500.SS:0.1067;159920.SZ:0.1062;513030.SS:0.1161;518880.SS:0.1183;159980.SZ:0.1064;511010.SS:0.3333
2025-05-06,execution,0.00265904,0.00113154,0.00125426,False,510300.SS:0.1111;510500.SS:0.1111;159920.SZ:0.1111;513030.SS:0.1111;518880.SS:0.1111;511010.SS:0.4444,510300.SS:0.1112;510500.SS:0.1111;159920.SZ:0.1111;513030.SS:0.1111;518880.SS:0.1110;511010.SS:0.4433
2025-05-30,monthly_review,0.01171916,0.00367203,0.00125460,False,510300.SS:0.1111;510500.SS:0.1111;159920.SZ:0.1111;513030.SS:0.1111;518880.SS:0.1111;511010.SS:0.4444,510300.SS:0.1128;510500.SS:0.1103;159920.SZ:0.1125;513030.SS:0.1127;518880.SS:0.1074;511010.SS:0.4430
2025-06-03,execution,0.00306188,0.00143764,0.00135440,False,510300.SS:0.1111;510500.SS:0.1111;513100.SS:0.1111;159920.SZ:0.1111;513520.SS:0.1111;513030.SS:0.1111;518880.SS:0.1111;511010.SS:0.2222,510300.SS:0.1111;510500.SS:0.1112;513100.SS:0.1111;159920.SZ:0.1111;513520.SS:0.1111;513030.SS:0.1112;518880.SS:0.1110;511010.SS:0.2208
2025-06-30,monthly_review,0.02751841,0.00573871,0.00373753,False,510300.SS:0.1111;510500.SS:0.1111;513100.SS:0.1111;159920.SZ:0.1111;513520.SS:0.1111;513030.SS:0.1111;518880.SS:0.1111;511010.SS:0.2222,510300.SS:0.1092;510500.SS:0.1136;513100.SS:0.1132;159920.SZ:0.1120;513520.SS:0.1157;513030.SS:0.1100;518880.SS:0.1061;511010.SS:0.2165
2025-07-01,execution,0.22258152,0.11111111,0.11112061,True,510300.SS:0.1111;510500.SS:0.1111;513500.SS:0.1111;513100.SS:0.1111;159920.SZ:0.1111;513520.SS:0.1111;513030.SS:0.1111;518880.SS:0.1111;159980.SZ:0.1111,510300.SS:0.1112;510500.SS:0.1110;513500.SS:0.1111;513100.SS:0.1111;159920.SZ:0.1111;513520.SS:0.1111;513030.SS:0.1112;518880.SS:0.1110
2025-07-31,monthly_review,0.23908586,0.11111111,0.10847836,True,510300.SS:0.1111;510500.SS:0.1111;513500.SS:0.1111;513100.SS:0.1111;159920.SZ:0.1111;513520.SS:0.1111;513030.SS:0.1111;518880.SS:0.1111;159980.SZ:0.1111,510300.SS:0.1131;510500.SS:0.1141;513500.SS:0.1139;513100.SS:0.1139;159920.SZ:0.1116;513520.SS:0.1091;513030.SS:0.1081;518880.SS:0.1077
2025-08-29,monthly_review,0.25899085,0.11111111,0.10508372,True,510300.SS:0.1111;510500.SS:0.1111;513500.SS:0.1111;513100.SS:0.1111;159920.SZ:0.1111;513520.SS:0.1111;513030.SS:0.1111;518880.SS:0.1111;159980.SZ:0.1111,510300.SS:0.1213;510500.SS:0.1253;513500.SS:0.1100;513100.SS:0.1096;159920.SZ:0.1098;513520.SS:0.1095;513030.SS:0.1031;518880.SS:0.1063
2025-09-30,monthly_review,0.25563069,0.11111111,0.10039397,True,510300.SS:0.1111;510500.SS:0.1111;513500.SS:0.1111;513100.SS:0.1111;159920.SZ:0.1111;513520.SS:0.1111;513030.SS:0.1111;518880.SS:0.1111;159980.SZ:0.1111,510300.SS:0.1194;510500.SS:0.1261;513500.SS:0.1094;513100.SS:0.1122;159920.SZ:0.1122;513520.SS:0.1097;513030.SS:0.0975;518880.SS:0.1131
2025-10-31,monthly_review,0.26768253,0.11111111,0.09646845,True,510300.SS:0.1111;510500.SS:0.1111;513500.SS:0.1111;513100.SS:0.1111;159920.SZ:0.1111;513520.SS:0.1111;513030.SS:0.1111;518880.SS:0.1111;159980.SZ:0.1111,510300.SS:0.1151;510500.SS:0.1198;513500.SS:0.1129;513100.SS:0.1179;159920.SZ:0.1042;513520.SS:0.1237;513030.SS:0.0953;518880.SS:0.1146
2025-11-28,monthly_review,0.26565470,0.11111111,0.09796389,True,510300.SS:0.1111;510500.SS:0.1111;513500.SS:0.1111;513100.SS:0.1111;159920.SZ:0.1111;513520.SS:0.1111;513030.SS:0.1111;518880.SS:0.1111;159980.SZ:0.1111,510300.SS:0.1139;510500.SS:0.1167;513500.SS:0.1151;513100.SS:0.1173;159920.SZ:0.1048;513520.SS:0.1184;513030.SS:0.0957;518880.SS:0.1200
2025-12-31,monthly_review,0.26939387,0.11111111,0.09751900,True,510300.SS:0.1111;510500.SS:0.1111;513500.SS:0.1111;513100.SS:0.1111;159920.SZ:0.1111;513520.SS:0.1111;513030.SS:0.1111;518880.SS:0.1111;159980.SZ:0.1111,510300.SS:0.1163;510500.SS:0.1236;513500.SS:0.1131;513100.SS:0.1145;159920.SZ:0.1021;513520.SS:0.1138;513030.SS:0.0966;518880.SS:0.1225
2026-01-30,monthly_review,0.29182133,0.11111111,0.09661698,True,510300.SS:0.1111;510500.SS:0.1111;513500.SS:0.1111;513100.SS:0.1111;159920.SZ:0.1111;513520.SS:0.1111;513030.SS:0.1111;518880.SS:0.1111;159980.SZ:0.1111,510300.SS:0.1097;510500.SS:0.1308;513500.SS:0.1080;513100.SS:0.1076;159920.SZ:0.1030;513520.SS:0.1138;513030.SS:0.0925;518880.SS:0.1380
2026-02-27,monthly_review,0.31277299,0.11111111,0.09509337,True,510300.SS:0.1111;510500.SS:0.1111;513500.SS:0.1111;513100.SS:0.1111;159920.SZ:0.1111;513520.SS:0.1111;513030.SS:0.1111;518880.SS:0.1111;159980.SZ:0.1111,510300.SS:0.1083;510500.SS:0.1333;513500.SS:0.1040;513100.SS:0.1024;159920.SZ:0.0972;513520.SS:0.1265;513030.SS:0.0984;518880.SS:0.1349
2026-03-31,monthly_review,0.31277233,0.11111111,0.10543306,True,510300.SS:0.1111;510500.SS:0.1111;513500.SS:0.1111;513100.SS:0.1111;159920.SZ:0.1111;513520.SS:0.1111;513030.SS:0.1111;518880.SS:0.1111;159980.SZ:0.1111,510300.SS:0.1134;510500.SS:0.1299;513500.SS:0.1045;513100.SS:0.1045;159920.SZ:0.1009;513520.SS:0.1194;513030.SS:0.0893;518880.SS:0.1327
2026-04-01,execution,0.00441831,0.00219014,0.00204803,False,510300.SS:0.1111;510500.SS:0.1111;513520.SS:0.1111;518880.SS:0.1111;159980.SZ:0.1111;511010.SS:0.4444,510300.SS:0.1111;510500.SS:0.1112;513520.SS:0.1112;518880.SS:0.1111;159980.SZ:0.1112;511010.SS:0.4423
2026-04-30,monthly_review,0.03470691,0.01101270,0.00200022,False,510300.SS:0.1111;510500.SS:0.1111;513520.SS:0.1111;518880.SS:0.1111;159980.SZ:0.1111;511010.SS:0.4444,510300.SS:0.1154;510500.SS:0.1172;513520.SS:0.1157;518880.SS:0.1048;159980.SZ:0.1115;511010.SS:0.4334
2026-05-06,execution,0.00130643,0.00065321,0.00025616,False,510300.SS:0.1111;510500.SS:0.1111;513500.SS:0.1111;513100.SS:0.1111;513520.SS:0.1111;518880.SS:0.1111;159980.SZ:0.1111;511010.SS:0.2222,510300.SS:0.1112;510500.SS:0.1113;513500.SS:0.1112;513100.SS:0.1111;513520.SS:0.1111;518880.SS:0.1111;159980.SZ:0.1112;511010.SS:0.2216
2026-05-29,monthly_review,0.03947384,0.01189780,0.00025069,False,510300.SS:0.1111;510500.SS:0.1111;513500.SS:0.1111;513100.SS:0.1111;513520.SS:0.1111;518880.SS:0.1111;159980.SZ:0.1111;511010.SS:0.2222,510300.SS:0.1096;510500.SS:0.1062;513500.SS:0.1133;513100.SS:0.1230;513520.SS:0.1165;518880.SS:0.1044;159980.SZ:0.1089;511010.SS:0.2179
2026-06-30,monthly_review,0.06512398,0.01854527,0.00150154,True,510300.SS:0.1111;510500.SS:0.1111;513500.SS:0.1111;513100.SS:0.1111;513520.SS:0.1111;518880.SS:0.1111;159980.SZ:0.1111;511010.SS:0.2222,510300.SS:0.1115;510500.SS:0.1154;513500.SS:0.1098;513100.SS:0.1190;513520.SS:0.1297;518880.SS:0.0929;159980.SZ:0.1040;511010.SS:0.2163
2026-07-01,execution,0.00481279,0.00235486,0.00226432,False,510300.SS:0.1111;510500.SS:0.1111;513500.SS:0.1111;513100.SS:0.1111;513520.SS:0.1111;159980.SZ:0.1111;511010.SS:0.3333,510300.SS:0.1112;510500.SS:0.1111;513500.SS:0.1111;513100.SS:0.1111;513520.SS:0.1111;159980.SZ:0.1112;511010.SS:0.3310
2026-07-31,monthly_review,0.06178838,0.01674305,0.00422975,True,510300.SS:0.1111;510500.SS:0.1111;513500.SS:0.1111;513100.SS:0.1111;513520.SS:0.1111;159980.SZ:0.1111;511010.SS:0.3333,510300.SS:0.1077;510500.SS:0.0944;513500.SS:0.1164;513100.SS:0.1105;513520.SS:0.1010;159980.SZ:0.1208;511010.SS:0.3450
2026-08-03,execution,0.00164023,0.00079564,0.00079580,False,513500.SS:0.1111;513100.SS:0.1111;513520.SS:0.1111;159980.SZ:0.1111;511010.SS:0.5556,513500.SS:0.1111;513100.SS:0.1111;513520.SS:0.1111;159980.SZ:0.1111;511010.SS:0.5548
2026-08-31,monthly_review,0.02123724,0.01061862,0.00078084,False,513500.SS:0.1111;513100.SS:0.1111;513520.SS:0.1111;159980.SZ:0.1111;511010.SS:0.5556,513500.SS:0.1167;513100.SS:0.1139;513520.SS:0.1124;159980.SZ:0.1113;511010.SS:0.5449
