variant,window_years,window_start,window_end,cagr,max_drawdown,sharpe
V1,3,2013-07-01,2016-06-30,0.06858489,-0.13195834,0.70738512
V1,3,2013-07-29,2016-07-29,0.08634294,-0.13195834,0.86859907
V1,3,2013-09-02,2016-08-31,0.09432780,-0.13195834,0.93906932
V1,3,2013-09-30,2016-09-30,0.09519387,-0.13195834,0.93357687
V1,3,2013-10-31,2016-10-31,0.10639036,-0.13195834,1.04862915
V1,3,2013-12-02,2016-11-30,0.11317854,-0.13195834,1.10179203
V1,3,2013-12-30,2016-12-30,0.12323203,-0.13195834,1.18746414
V1,3,2014-01-27,2017-01-26,0.13479821,-0.13195834,1.29130740
V1,3,2014-02-28,2017-02-28,0.14018292,-0.13195834,1.34556957
V1,3,2014-03-31,2017-03-31,0.15374378,-0.13195834,1.45762145
V1,3,2014-04-28,2017-04-28,0.16060488,-0.13195834,1.52287073
V1,3,2014-06-03,2017-05-31,0.14835688,-0.13195834,1.41561329
V1,3,2014-06-30,2017-06-30,0.14518682,-0.13195834,1.38408901
V1,3,2014-07-31,2017-07-31,0.14001570,-0.13195834,1.34234946
V1,3,2014-09-01,2017-08-31,0.13594910,-0.13195834,1.30492379
V1,3,2014-09-29,2017-09-29,0.13785217,-0.13195834,1.33278132
V1,3,2014-10-31,2017-10-31,0.13752996,-0.13195834,1.34466614
V1,3,2014-12-01,2017-11-30,0.12433920,-0.13195834,1.22894424
V1,3,2014-12-29,2017-12-29,0.10890177,-0.13195834,1.11340821
V1,3,2015-02-02,2018-01-31,0.11843521,-0.13195834,1.23018311
V1,3,2015-03-02,2018-02-28,0.09192992,-0.13195834,0.94975090
V1,3,2015-03-30,2018-03-30,0.06581622,-0.13195834,0.70137336
V1,3,2015-04-27,2018-04-27,0.04002168,-0.13195834,0.47016540
V1,3,2015-06-01,2018-05-31,0.04094721,-0.12798946,0.49090856
V1,3,2015-06-29,2018-06-29,0.06238292,-0.09240292,0.73229847
V1,3,2015-07-31,2018-07-31,0.07102736,-0.08307972,0.95523458
V1,3,2015-08-31,2018-08-31,0.08458110,-0.08194713,1.21190715
V1,3,2015-09-28,2018-09-28,0.08896324,-0.08194713,1.27453599
V1,3,2015-11-02,2018-10-31,0.07617698,-0.08194713,1.09765003
V1,3,2015-11-30,2018-11-30,0.07579150,-0.08194713,1.09069748
V1,3,2015-12-28,2018-12-28,0.06791548,-0.08194713,0.97473556
V1,3,2016-02-01,2019-01-31,0.07533191,-0.08194713,1.08708207
V1,3,2016-02-29,2019-02-28,0.06899095,-0.08194713,1.00348360
V1,3,2016-03-29,2019-03-29,0.07334315,-0.08194713,1.03955946
V1,3,2016-05-03,2019-04-30,0.07639397,-0.08194713,1.06516521
V1,3,2016-05-31,2019-05-31,0.06088771,-0.08194713,0.83336879
V1,3,2016-06-28,2019-06-28,0.07364845,-0.08194713,0.98362976
V1,3,2016-08-01,2019-07-31,0.05882835,-0.08194713,0.78718235
V1,3,2016-08-30,2019-08-30,0.05621109,-0.08194713,0.74198867
V1,3,2016-09-30,2019-09-30,0.05624314,-0.08194713,0.75664038
V1,3,2016-10-31,2019-10-31,0.05699163,-0.08194713,0.76538972
V1,3,2016-11-29,2019-11-29,0.05240074,-0.08194713,0.72033403
V1,3,2017-01-03,2019-12-31,0.07043100,-0.08194713,0.97419041
V1,3,2017-01-23,2020-01-23,0.07235053,-0.08194713,0.98814220
V1,3,2017-02-28,2020-02-28,0.05571493,-0.08194713,0.70206413
V1,3,2017-03-31,2020-03-31,0.03269317,-0.13490287,0.40801111
V1,3,2017-05-02,2020-04-30,0.04840625,-0.13490287,0.57510206
V1,3,2017-05-31,2020-05-29,0.04065564,-0.13490287,0.49334420
V1,3,2017-06-30,2020-06-30,0.04508044,-0.13490287,0.53919072
V1,3,2017-07-31,2020-07-31,0.05995269,-0.13490287,0.67526477
V1,3,2017-08-31,2020-08-31,0.07731320,-0.13490287,0.84274622
V1,3,2017-10-09,2020-09-30,0.05374768,-0.13490287,0.57850799
V1,3,2017-10-30,2020-10-30,0.04185369,-0.13490287,0.46278733
V1,3,2017-11-30,2020-11-30,0.05110813,-0.13490287,0.55167476
V1,3,2018-01-02,2020-12-31,0.05481987,-0.13490287,0.58596350
V1,3,2018-01-29,2021-01-29,0.04200258,-0.13490287,0.45875552
V1,3,2018-02-26,2021-02-26,0.06164156,-0.13490287,0.64938683
V1,3,2018-04-02,2021-03-31,0.07320210,-0.13490287,0.75162260
V1,3,2018-05-02,2021-04-30,0.07898703,-0.13490287,0.79934258
V1,3,2018-05-31,2021-05-31,0.07771129,-0.13490287,0.78407530
V1,3,2018-07-02,2021-06-30,0.07883249,-0.13490287,0.79310835
V1,3,2018-07-30,2021-07-30,0.06449906,-0.13490287,0.65970408
V1,3,2018-08-31,2021-08-31,0.07278718,-0.13490287,0.73665231
V1,3,2018-10-08,2021-09-30,0.06833175,-0.13490287,0.69120146
V1,3,2018-10-29,2021-10-29,0.07570235,-0.13490287,0.76429528
V1,3,2018-11-30,2021-11-30,0.07802103,-0.13490287,0.78796735
V1,3,2019-01-02,2021-12-31,0.08944133,-0.13490287,0.89111177
V1,3,2019-01-28,2022-01-28,0.07780803,-0.13490287,0.78316701
V1,3,2019-02-28,2022-02-28,0.07998200,-0.13490287,0.80269712
V1,3,2019-04-01,2022-03-31,0.07217334,-0.13490287,0.73424626
V1,3,2019-04-29,2022-04-29,0.07342278,-0.13490287,0.74875994
V1,3,2019-05-31,2022-05-31,0.08691033,-0.13490287,0.88971242
V1,3,2019-07-01,2022-06-30,0.06361161,-0.13490287,0.67563173
V1,3,2019-07-29,2022-07-29,0.06313330,-0.13490287,0.67700378
V1,3,2019-09-02,2022-08-31,0.06414978,-0.13490287,0.69606629
V1,3,2019-09-30,2022-09-30,0.06209035,-0.13490287,0.67923669
V1,3,2019-10-31,2022-10-31,0.05831046,-0.13490287,0.64473296
V1,3,2019-12-02,2022-11-30,0.05219572,-0.13490287,0.58434772
V1,3,2019-12-30,2022-12-30,0.04017192,-0.13490287,0.46260000
V1,3,2020-02-03,2023-01-31,0.05884013,-0.13490287,0.66717937
V1,3,2020-02-28,2023-02-28,0.04635069,-0.10299263,0.56407741
V1,3,2020-03-31,2023-03-31,0.07105302,-0.08523851,0.88657453
V1,3,2020-04-28,2023-04-28,0.05917608,-0.08523851,0.74838822
V1,3,2020-06-01,2023-05-31,0.05834138,-0.08523851,0.72631994
V1,3,2020-06-30,2023-06-30,0.06783556,-0.08523851,0.83835994
V1,3,2020-07-31,2023-07-31,0.05326367,-0.08523851,0.69653288
V1,3,2020-08-31,2023-08-31,0.02499178,-0.08523851,0.35232946
V1,3,2020-09-28,2023-09-28,0.03350538,-0.05980270,0.48508401
V1,3,2020-11-02,2023-10-31,0.03881725,-0.06366048,0.56431618
V1,3,2020-11-30,2023-11-30,0.03576600,-0.06366048,0.52973682
V1,3,2020-12-29,2023-12-29,0.04076771,-0.06366048,0.59842317
V1,3,2021-02-01,2024-01-31,0.04404965,-0.06366048,0.64270311
V1,3,2021-03-01,2024-02-29,0.04324515,-0.06366048,0.65746012
V1,3,2021-03-29,2024-03-29,0.05778867,-0.06366048,0.89396883
V1,3,2021-04-30,2024-04-30,0.04547263,-0.06366048,0.71115863
V1,3,2021-05-31,2024-05-31,0.04722218,-0.06366048,0.73611906
V1,3,2021-06-28,2024-06-28,0.04763389,-0.06366048,0.74023373
V1,3,2021-08-02,2024-07-31,0.04815690,-0.06366048,0.72829684
V1,3,2021-08-30,2024-08-30,0.04539478,-0.08375934,0.64339453
V1,3,2021-09-30,2024-09-30,0.05858201,-0.08375934,0.79922950
V1,3,2021-11-01,2024-10-31,0.05128193,-0.08375934,0.69244480
V1,3,2021-11-29,2024-11-29,0.05083011,-0.08375934,0.67873477
V1,3,2021-12-31,2024-12-31,0.05057078,-0.08375934,0.67427199
V1,3,2022-01-27,2025-01-27,0.06892073,-0.08375934,0.87851741
V1,3,2022-02-28,2025-02-28,0.06597027,-0.08375934,0.83038150
V1,3,2022-03-31,2025-03-31,0.06116642,-0.08375934,0.77364090
V1,3,2022-05-05,2025-04-30,0.05835984,-0.08375934,0.70421049
V1,3,2022-05-30,2025-05-30,0.06155485,-0.08375934,0.73913757
V1,3,2022-06-30,2025-06-30,0.07877466,-0.08375934,0.92505584
V1,3,2022-08-01,2025-07-31,0.08804174,-0.08375934,1.01730708
V1,3,2022-08-29,2025-08-29,0.10018755,-0.08375934,1.13229801
V1,3,2022-09-30,2025-09-30,0.12264132,-0.08375934,1.34947625
V1,3,2022-10-31,2025-10-31,0.13826366,-0.08375934,1.44440012
V1,3,2022-11-28,2025-11-28,0.13314154,-0.08375934,1.34789348
V1,3,2023-01-03,2025-12-31,0.14548833,-0.08375934,1.44416718
V1,3,2023-01-30,2026-01-30,0.15627363,-0.08375934,1.49819856
V1,3,2023-02-27,2026-02-27,0.17075296,-0.08375934,1.55244042
V1,3,2023-03-31,2026-03-31,0.11965126,-0.13106185,1.07560910
V1,3,2023-05-04,2026-04-30,0.13583881,-0.13106185,1.18434372
V1,3,2023-05-29,2026-05-29,0.14551659,-0.13106185,1.26220641
V1,3,2023-06-30,2026-06-30,0.13820079,-0.13106185,1.17287416
V1,3,2023-07-31,2026-07-31,0.11517460,-0.13106185,0.97840340
V1,3,2023-08-31,2026-08-31,0.13258216,-0.13106185,1.11749207
V1,5,2013-07-01,2018-06-29,0.07978542,-0.13195834,0.87943115
V1,5,2013-07-31,2018-07-31,0.08503450,-0.13195834,0.93177525
V1,5,2013-09-02,2018-08-31,0.08975916,-0.13195834,0.97494681
V1,5,2013-09-30,2018-09-28,0.08965712,-0.13195834,0.97274588
V1,5,2013-10-31,2018-10-31,0.08870322,-0.13195834,0.97281189
V1,5,2013-12-02,2018-11-30,0.08886474,-0.13195834,0.97594408
V1,5,2013-12-30,2018-12-28,0.09548513,-0.13195834,1.04772141
V1,5,2014-02-07,2019-01-31,0.10205257,-0.13195834,1.11795523
V1,5,2014-02-28,2019-02-28,0.10026505,-0.13195834,1.10827493
V1,5,2014-03-31,2019-03-29,0.10852488,-0.13195834,1.19185061
V1,5,2014-04-30,2019-04-30,0.11260762,-0.13195834,1.23603076
V1,5,2014-06-03,2019-05-31,0.09536417,-0.13195834,1.04627318
V1,5,2014-06-30,2019-06-28,0.10227839,-0.13195834,1.10959145
V1,5,2014-07-31,2019-07-31,0.09710376,-0.13195834,1.05332316
V1,5,2014-09-01,2019-08-30,0.09415502,-0.13195834,1.01792431
V1,5,2014-09-30,2019-09-30,0.09334287,-0.13195834,1.01501292
V1,5,2014-10-31,2019-10-31,0.09325511,-0.13195834,1.01965391
V1,5,2014-12-01,2019-11-29,0.08776973,-0.13195834,0.96816941
V1,5,2014-12-31,2019-12-31,0.08290132,-0.13195834,0.93777006
V1,5,2015-01-23,2020-01-23,0.07856415,-0.13195834,0.90197648
V1,5,2015-03-02,2020-02-28,0.07111299,-0.13195834,0.79098339
V1,5,2015-03-31,2020-03-31,0.05064625,-0.13490287,0.56305081
V1,5,2015-04-30,2020-04-30,0.04422613,-0.13490287,0.51142368
V1,5,2015-05-29,2020-05-29,0.04207941,-0.13490287,0.49465855
V1,5,2015-06-30,2020-06-30,0.04976246,-0.13490287,0.58126645
V1,5,2015-07-31,2020-07-31,0.06632905,-0.13490287,0.79229957
V1,5,2015-08-31,2020-08-31,0.08442640,-0.13490287,1.01243751
V1,5,2015-09-30,2020-09-30,0.07746453,-0.13490287,0.90539333
V1,5,2015-10-30,2020-10-30,0.06748304,-0.13490287,0.79319090
V1,5,2015-11-30,2020-11-30,0.07261303,-0.13490287,0.84528807
V1,5,2015-12-31,2020-12-31,0.07402931,-0.13490287,0.85822667
V1,5,2016-01-29,2021-01-29,0.07983463,-0.13490287,0.91149386
V1,5,2016-02-26,2021-02-26,0.07983364,-0.13490287,0.89701312
V1,5,2016-03-31,2021-03-31,0.07824712,-0.13490287,0.86744177
V1,5,2016-05-03,2021-04-30,0.08302831,-0.13490287,0.91070518
V1,5,2016-05-31,2021-05-31,0.08402974,-0.13490287,0.91718721
V1,5,2016-06-30,2021-06-30,0.08500239,-0.13490287,0.92476120
V1,5,2016-08-01,2021-07-30,0.07332645,-0.13490287,0.80523431
V1,5,2016-08-31,2021-08-31,0.07683785,-0.13490287,0.83989967
V1,5,2016-09-30,2021-09-30,0.07234654,-0.13490287,0.80249869
V1,5,2016-10-31,2021-10-29,0.07006835,-0.13490287,0.77917459
V1,5,2016-11-30,2021-11-30,0.06811701,-0.13490287,0.76572124
V1,5,2017-01-03,2021-12-31,0.07632247,-0.13490287,0.85613870
V1,5,2017-02-03,2022-01-28,0.06761031,-0.13490287,0.76466651
V1,5,2017-02-28,2022-02-28,0.06501898,-0.13490287,0.74061230
V1,5,2017-03-31,2022-03-31,0.06327302,-0.13490287,0.72596847
V1,5,2017-05-02,2022-04-29,0.06396239,-0.13490287,0.73372070
V1,5,2017-05-31,2022-05-31,0.05988102,-0.13490287,0.69410204
V1,5,2017-06-30,2022-06-30,0.05633471,-0.13490287,0.65802975
V1,5,2017-07-31,2022-07-29,0.05271009,-0.13490287,0.61998426
V1,5,2017-08-31,2022-08-31,0.05282730,-0.13490287,0.62446098
V1,5,2017-10-09,2022-09-30,0.04793450,-0.13490287,0.57066210
V1,5,2017-10-31,2022-10-31,0.04689902,-0.13490287,0.56217018
V1,5,2017-11-30,2022-11-30,0.04620850,-0.13490287,0.55696626
V1,5,2018-01-02,2022-12-30,0.04181443,-0.13490287,0.50939978
V1,5,2018-01-31,2023-01-31,0.04085526,-0.13490287,0.50146174
V1,5,2018-02-28,2023-02-28,0.04407065,-0.13490287,0.54640486
V1,5,2018-04-02,2023-03-31,0.05400127,-0.13490287,0.65225695
V1,5,2018-05-02,2023-04-28,0.05327390,-0.13490287,0.64089345
V1,5,2018-05-31,2023-05-31,0.05221311,-0.13490287,0.62414124
V1,5,2018-07-02,2023-06-30,0.05660286,-0.13490287,0.67152467
V1,5,2018-07-31,2023-07-31,0.05568538,-0.13490287,0.66057157
V1,5,2018-08-31,2023-08-31,0.04829406,-0.13490287,0.57664086
V1,5,2018-09-28,2023-09-28,0.04250952,-0.13490287,0.51347416
V1,5,2018-10-31,2023-10-31,0.04555138,-0.13490287,0.54791732
V1,5,2018-11-30,2023-11-30,0.04849870,-0.13490287,0.58072707
V1,5,2019-01-02,2023-12-29,0.05789354,-0.13490287,0.68139540
V1,5,2019-01-31,2024-01-31,0.06131641,-0.13490287,0.70996908
V1,5,2019-02-28,2024-02-29,0.06643445,-0.13490287,0.76170451
V1,5,2019-03-29,2024-03-29,0.06890494,-0.13490287,0.79140918
V1,5,2019-04-30,2024-04-30,0.06424152,-0.13490287,0.74130117
V1,5,2019-05-31,2024-05-31,0.07561867,-0.13490287,0.86686507
V1,5,2019-06-28,2024-06-28,0.07066986,-0.13490287,0.81593392
V1,5,2019-07-31,2024-07-31,0.06886654,-0.13490287,0.79158388
V1,5,2019-08-30,2024-08-30,0.06918289,-0.13490287,0.78069096
V1,5,2019-09-30,2024-09-30,0.07376148,-0.13490287,0.82291217
V1,5,2019-10-31,2024-10-31,0.06765305,-0.13490287,0.75505475
V1,5,2019-11-29,2024-11-29,0.06702389,-0.13490287,0.74562539
V1,5,2019-12-31,2024-12-31,0.06428529,-0.13490287,0.71614823
V1,5,2020-02-03,2025-01-27,0.07524623,-0.13490287,0.82908205
V1,5,2020-02-28,2025-02-28,0.07120813,-0.10299263,0.80979721
V1,5,2020-03-31,2025-03-31,0.08077353,-0.08523851,0.94960673
V1,5,2020-04-30,2025-04-30,0.06927858,-0.08523851,0.80688531
V1,5,2020-06-01,2025-05-30,0.07127292,-0.08523851,0.82771340
V1,5,2020-06-30,2025-06-30,0.07664661,-0.08523851,0.88836900
V1,5,2020-07-31,2025-07-31,0.06948628,-0.08523851,0.82794957
V1,5,2020-08-31,2025-08-29,0.06609877,-0.08523851,0.79413912
V1,5,2020-09-30,2025-09-30,0.08856569,-0.08375934,1.07129020
V1,5,2020-11-02,2025-10-31,0.10411198,-0.08375934,1.21868719
V1,5,2020-11-30,2025-11-28,0.09510561,-0.08375934,1.09938579
V1,5,2020-12-31,2025-12-31,0.09428873,-0.08375934,1.08488557
V1,5,2021-02-01,2026-01-30,0.10540139,-0.08375934,1.19149520
V1,5,2021-03-01,2026-02-27,0.10299400,-0.08375934,1.13835878
V1,5,2021-03-31,2026-03-31,0.08117131,-0.13106185,0.88082647
V1,5,2021-04-30,2026-04-30,0.08607567,-0.13106185,0.91888024
V1,5,2021-05-31,2026-05-29,0.09309630,-0.13106185,0.98217637
V1,5,2021-06-30,2026-06-30,0.09115313,-0.13106185,0.94211160
V1,5,2021-08-02,2026-07-31,0.08232036,-0.13106185,0.84684134
V1,5,2021-08-31,2026-08-31,0.08298382,-0.13106185,0.85225269
V2A,3,2013-07-01,2016-06-30,0.05831040,-0.19168290,0.54248486
V2A,3,2013-07-29,2016-07-29,0.07590720,-0.19168290,0.68178656
V2A,3,2013-09-02,2016-08-31,0.08379622,-0.19168290,0.74278671
V2A,3,2013-09-30,2016-09-30,0.08467310,-0.19168290,0.74229656
V2A,3,2013-10-31,2016-10-31,0.09576203,-0.19168290,0.83717179
V2A,3,2013-12-02,2016-11-30,0.10246554,-0.19168290,0.88447304
V2A,3,2013-12-30,2016-12-30,0.11244191,-0.19168290,0.95922781
V2A,3,2014-01-27,2017-01-26,0.12388708,-0.19168290,1.04764015
V2A,3,2014-02-28,2017-02-28,0.12922996,-0.19168290,1.09274530
V2A,3,2014-03-31,2017-03-31,0.14266056,-0.19168290,1.19000206
V2A,3,2014-04-28,2017-04-28,0.14945575,-0.19168290,1.24453064
V2A,3,2014-06-03,2017-05-31,0.13729527,-0.19168290,1.15256416
V2A,3,2014-06-30,2017-06-30,0.13418580,-0.19168290,1.12698266
V2A,3,2014-07-31,2017-07-31,0.12906435,-0.19168290,1.09067853
V2A,3,2014-09-01,2017-08-31,0.12502691,-0.19168290,1.05854236
V2A,3,2014-09-29,2017-09-29,0.12692161,-0.19168290,1.07921952
V2A,3,2014-10-31,2017-10-31,0.12660250,-0.19168290,1.08566387
V2A,3,2014-12-01,2017-11-30,0.11352864,-0.19168290,0.98558706
V2A,3,2014-12-29,2017-12-29,0.09824931,-0.19168290,0.87958261
V2A,3,2015-02-02,2018-01-31,0.10767163,-0.19168290,0.96971219
V2A,3,2015-03-02,2018-02-28,0.08142141,-0.19168290,0.74153843
V2A,3,2015-03-30,2018-03-30,0.05557766,-0.19168290,0.53033739
V2A,3,2015-04-27,2018-04-27,0.03003091,-0.19168290,0.32479264
V2A,3,2015-06-01,2018-05-31,0.01703808,-0.19168290,0.21405420
V2A,3,2015-06-29,2018-06-29,0.04836075,-0.12705297,0.51529398
V2A,3,2015-07-31,2018-07-31,0.06127861,-0.11854889,0.78040356
V2A,3,2015-08-31,2018-08-31,0.08134908,-0.08194713,1.17330885
V2A,3,2015-09-28,2018-09-28,0.08894087,-0.08194713,1.28544101
V2A,3,2015-11-02,2018-10-31,0.07622694,-0.08194713,1.10579703
V2A,3,2015-11-30,2018-11-30,0.07622728,-0.08194713,1.10268000
V2A,3,2015-12-28,2018-12-28,0.06802698,-0.08194713,0.98009130
V2A,3,2016-02-01,2019-01-31,0.07453802,-0.08194713,1.07721679
V2A,3,2016-02-29,2019-02-28,0.06886974,-0.08194713,1.00190220
V2A,3,2016-03-29,2019-03-29,0.07334315,-0.08194713,1.03955946
V2A,3,2016-05-03,2019-04-30,0.07639397,-0.08194713,1.06516521
V2A,3,2016-05-31,2019-05-31,0.06088771,-0.08194713,0.83336879
V2A,3,2016-06-28,2019-06-28,0.07364845,-0.08194713,0.98362976
V2A,3,2016-08-01,2019-07-31,0.05882835,-0.08194713,0.78718235
V2A,3,2016-08-30,2019-08-30,0.05621109,-0.08194713,0.74198867
V2A,3,2016-09-30,2019-09-30,0.05624314,-0.08194713,0.75664038
V2A,3,2016-10-31,2019-10-31,0.05699163,-0.08194713,0.76538972
V2A,3,2016-11-29,2019-11-29,0.05240074,-0.08194713,0.72033403
V2A,3,2017-01-03,2019-12-31,0.07043100,-0.08194713,0.97419041
V2A,3,2017-01-23,2020-01-23,0.07235053,-0.08194713,0.98814220
V2A,3,2017-02-28,2020-02-28,0.05571493,-0.08194713,0.70206413
V2A,3,2017-03-31,2020-03-31,0.03269317,-0.13490287,0.40801111
V2A,3,2017-05-02,2020-04-30,0.04840625,-0.13490287,0.57510206
V2A,3,2017-05-31,2020-05-29,0.04065564,-0.13490287,0.49334420
V2A,3,2017-06-30,2020-06-30,0.04508044,-0.13490287,0.53919072
V2A,3,2017-07-31,2020-07-31,0.05995269,-0.13490287,0.67526477
V2A,3,2017-08-31,2020-08-31,0.07731320,-0.13490287,0.84274622
V2A,3,2017-10-09,2020-09-30,0.05374768,-0.13490287,0.57850799
V2A,3,2017-10-30,2020-10-30,0.04185369,-0.13490287,0.46278733
V2A,3,2017-11-30,2020-11-30,0.05110813,-0.13490287,0.55167476
V2A,3,2018-01-02,2020-12-31,0.05481987,-0.13490287,0.58596350
V2A,3,2018-01-29,2021-01-29,0.04200258,-0.13490287,0.45875552
V2A,3,2018-02-26,2021-02-26,0.06164156,-0.13490287,0.64938683
V2A,3,2018-04-02,2021-03-31,0.07320210,-0.13490287,0.75162260
V2A,3,2018-05-02,2021-04-30,0.07898703,-0.13490287,0.79934258
V2A,3,2018-05-31,2021-05-31,0.07771129,-0.13490287,0.78407530
V2A,3,2018-07-02,2021-06-30,0.07883249,-0.13490287,0.79310835
V2A,3,2018-07-30,2021-07-30,0.06449906,-0.13490287,0.65970408
V2A,3,2018-08-31,2021-08-31,0.07278718,-0.13490287,0.73665231
V2A,3,2018-10-08,2021-09-30,0.06833175,-0.13490287,0.69120146
V2A,3,2018-10-29,2021-10-29,0.07570235,-0.13490287,0.76429528
V2A,3,2018-11-30,2021-11-30,0.07802103,-0.13490287,0.78796735
V2A,3,2019-01-02,2021-12-31,0.08944133,-0.13490287,0.89111177
V2A,3,2019-01-28,2022-01-28,0.07780803,-0.13490287,0.78316701
V2A,3,2019-02-28,2022-02-28,0.07985961,-0.13490287,0.80167864
V2A,3,2019-04-01,2022-03-31,0.07164032,-0.13490287,0.73043371
V2A,3,2019-04-29,2022-04-29,0.07159704,-0.13490287,0.73252893
V2A,3,2019-05-31,2022-05-31,0.08576122,-0.13490287,0.87996951
V2A,3,2019-07-01,2022-06-30,0.06403626,-0.13490287,0.68088715
V2A,3,2019-07-29,2022-07-29,0.06419675,-0.13490287,0.68869691
V2A,3,2019-09-02,2022-08-31,0.06527744,-0.13490287,0.70866232
V2A,3,2019-09-30,2022-09-30,0.06333209,-0.13490287,0.69302684
V2A,3,2019-10-31,2022-10-31,0.05964868,-0.13490287,0.65951944
V2A,3,2019-12-02,2022-11-30,0.05357384,-0.13490287,0.59900741
V2A,3,2019-12-30,2022-12-30,0.03967929,-0.13490287,0.45750521
V2A,3,2020-02-03,2023-01-31,0.05725567,-0.13490287,0.65107836
V2A,3,2020-02-28,2023-02-28,0.04460803,-0.10299263,0.54514676
V2A,3,2020-03-31,2023-03-31,0.06926760,-0.08523851,0.86633134
V2A,3,2020-04-28,2023-04-28,0.05741045,-0.08523851,0.72813338
V2A,3,2020-06-01,2023-05-31,0.05657554,-0.08523851,0.70641873
V2A,3,2020-06-30,2023-06-30,0.06605550,-0.08523851,0.81839428
V2A,3,2020-07-31,2023-07-31,0.05150790,-0.08523851,0.67569830
V2A,3,2020-08-31,2023-08-31,0.02328314,-0.08523851,0.33140472
V2A,3,2020-09-28,2023-09-28,0.03178255,-0.06163002,0.46264863
V2A,3,2020-11-02,2023-10-31,0.03708240,-0.06366048,0.54142605
V2A,3,2020-11-30,2023-11-30,0.03403939,-0.06366048,0.50656415
V2A,3,2020-12-29,2023-12-29,0.03903277,-0.06366048,0.57523272
V2A,3,2021-02-01,2024-01-31,0.04230765,-0.06366048,0.61950981
V2A,3,2021-03-01,2024-02-29,0.04150607,-0.06366048,0.63325179
V2A,3,2021-03-29,2024-03-29,0.05602696,-0.06366048,0.86891145
V2A,3,2021-04-30,2024-04-30,0.04373143,-0.06366048,0.68614502
V2A,3,2021-05-31,2024-05-31,0.04547807,-0.06366048,0.71113433
V2A,3,2021-06-28,2024-06-28,0.04588910,-0.06366048,0.71531906
V2A,3,2021-08-02,2024-07-31,0.04640804,-0.06366048,0.70403716
V2A,3,2021-08-30,2024-08-30,0.04365371,-0.08375934,0.62092652
V2A,3,2021-09-30,2024-09-30,0.05681898,-0.08375934,0.77727691
V2A,3,2021-11-01,2024-10-31,0.04952946,-0.08375934,0.67092631
V2A,3,2021-11-29,2024-11-29,0.04907999,-0.08375934,0.65751338
V2A,3,2021-12-31,2024-12-31,0.04882109,-0.08375934,0.65309727
V2A,3,2022-01-27,2025-01-27,0.06714048,-0.08375934,0.85787472
V2A,3,2022-02-28,2025-02-28,0.06474178,-0.08375934,0.81411953
V2A,3,2022-03-31,2025-03-31,0.06205861,-0.08375934,0.77785572
V2A,3,2022-05-05,2025-04-30,0.06242956,-0.08375934,0.73332737
V2A,3,2022-05-30,2025-05-30,0.06668421,-0.08375934,0.77662558
V2A,3,2022-06-30,2025-06-30,0.08218931,-0.08375934,0.93689057
V2A,3,2022-08-01,2025-07-31,0.08918644,-0.08375934,1.00201044
V2A,3,2022-08-29,2025-08-29,0.09919412,-0.08375934,1.09309048
V2A,3,2022-09-30,2025-09-30,0.11887813,-0.08375934,1.27977191
V2A,3,2022-10-31,2025-10-31,0.13307959,-0.08375934,1.36745812
V2A,3,2022-11-28,2025-11-28,0.12740110,-0.08375934,1.27307997
V2A,3,2023-01-03,2025-12-31,0.14246729,-0.08375934,1.39613272
V2A,3,2023-01-30,2026-01-30,0.15434483,-0.08375934,1.46025397
V2A,3,2023-02-27,2026-02-27,0.16880530,-0.08375934,1.51647985
V2A,3,2023-03-31,2026-03-31,0.11778862,-0.13106183,1.04868553
V2A,3,2023-05-04,2026-04-30,0.13394233,-0.13106183,1.15664584
V2A,3,2023-05-29,2026-05-29,0.14361092,-0.13106183,1.23357619
V2A,3,2023-06-30,2026-06-30,0.13630729,-0.13106183,1.14659182
V2A,3,2023-07-31,2026-07-31,0.11331940,-0.13106183,0.95509194
V2A,3,2023-08-31,2026-08-31,0.13069801,-0.13106183,1.09233526
V2A,5,2013-07-01,2018-06-29,0.07354066,-0.19168290,0.74038216
V2A,5,2013-07-31,2018-07-31,0.07876625,-0.19168290,0.78742641
V2A,5,2013-09-02,2018-08-31,0.08345672,-0.19168290,0.82669051
V2A,5,2013-09-30,2018-09-28,0.08335527,-0.19168290,0.82493088
V2A,5,2013-10-31,2018-10-31,0.08241376,-0.19168290,0.82293546
V2A,5,2013-12-02,2018-11-30,0.08256748,-0.19168290,0.82511696
V2A,5,2013-12-30,2018-12-28,0.08914958,-0.19168290,0.88778493
V2A,5,2014-02-07,2019-01-31,0.09566157,-0.19168290,0.94864583
V2A,5,2014-02-28,2019-02-28,0.09390880,-0.19168290,0.93903859
V2A,5,2014-03-31,2019-03-29,0.10211391,-0.19168290,1.01291579
V2A,5,2014-04-30,2019-04-30,0.10618008,-0.19168290,1.05169901
V2A,5,2014-06-03,2019-05-31,0.08902585,-0.19168290,0.88658873
V2A,5,2014-06-30,2019-06-28,0.09590355,-0.19168290,0.94448063
V2A,5,2014-07-31,2019-07-31,0.09076578,-0.19168290,0.89571002
V2A,5,2014-09-01,2019-08-30,0.08782717,-0.19168290,0.86530134
V2A,5,2014-09-30,2019-09-30,0.08702662,-0.19168290,0.86173669
V2A,5,2014-10-31,2019-10-31,0.08693936,-0.19168290,0.86456585
V2A,5,2014-12-01,2019-11-29,0.08147880,-0.19168290,0.81755559
V2A,5,2014-12-31,2019-12-31,0.07664539,-0.19168290,0.78598688
V2A,5,2015-01-23,2020-01-23,0.07233327,-0.19168290,0.75178564
V2A,5,2015-03-02,2020-02-28,0.06491840,-0.19168290,0.66172232
V2A,5,2015-03-31,2020-03-31,0.04457996,-0.19168290,0.46364274
V2A,5,2015-04-30,2020-04-30,0.03819692,-0.19168290,0.41345986
V2A,5,2015-05-29,2020-05-29,0.02976597,-0.19168290,0.34012586
V2A,5,2015-06-30,2020-06-30,0.03961311,-0.13490287,0.44386404
V2A,5,2015-07-31,2020-07-31,0.06049588,-0.13490287,0.70691225
V2A,5,2015-08-31,2020-08-31,0.08248667,-0.13490287,0.99257917
V2A,5,2015-09-30,2020-09-30,0.07716478,-0.13490287,0.90475695
V2A,5,2015-10-30,2020-10-30,0.06754318,-0.13490287,0.79573925
V2A,5,2015-11-30,2020-11-30,0.07287365,-0.13490287,0.84973907
V2A,5,2015-12-31,2020-12-31,0.07429704,-0.13490287,0.86227323
V2A,5,2016-01-29,2021-01-29,0.07923935,-0.13490287,0.90555483
V2A,5,2016-02-26,2021-02-26,0.07981284,-0.13490287,0.89682728
V2A,5,2016-03-31,2021-03-31,0.07824712,-0.13490287,0.86744177
V2A,5,2016-05-03,2021-04-30,0.08302831,-0.13490287,0.91070518
V2A,5,2016-05-31,2021-05-31,0.08402974,-0.13490287,0.91718721
V2A,5,2016-06-30,2021-06-30,0.08500239,-0.13490287,0.92476120
V2A,5,2016-08-01,2021-07-30,0.07332645,-0.13490287,0.80523431
V2A,5,2016-08-31,2021-08-31,0.07683785,-0.13490287,0.83989967
V2A,5,2016-09-30,2021-09-30,0.07234654,-0.13490287,0.80249869
V2A,5,2016-10-31,2021-10-29,0.07006835,-0.13490287,0.77917459
V2A,5,2016-11-30,2021-11-30,0.06811701,-0.13490287,0.76572124
V2A,5,2017-01-03,2021-12-31,0.07632247,-0.13490287,0.85613870
V2A,5,2017-02-03,2022-01-28,0.06761031,-0.13490287,0.76466651
V2A,5,2017-02-28,2022-02-28,0.06494654,-0.13490287,0.73992461
V2A,5,2017-03-31,2022-03-31,0.06295601,-0.13490287,0.72348125
V2A,5,2017-05-02,2022-04-29,0.06287405,-0.13490287,0.72276023
V2A,5,2017-05-31,2022-05-31,0.05920831,-0.13490287,0.68754327
V2A,5,2017-06-30,2022-06-30,0.05658760,-0.13490287,0.66156957
V2A,5,2017-07-31,2022-07-29,0.05334270,-0.13490287,0.62764587
V2A,5,2017-08-31,2022-08-31,0.05349558,-0.13490287,0.63257509
V2A,5,2017-10-09,2022-09-30,0.04867336,-0.13490287,0.57945557
V2A,5,2017-10-31,2022-10-31,0.04769338,-0.13490287,0.57160303
V2A,5,2017-11-30,2022-11-30,0.04702925,-0.13490287,0.56642760
V2A,5,2018-01-02,2022-12-30,0.04151776,-0.13490287,0.50607424
V2A,5,2018-01-31,2023-01-31,0.03992267,-0.13490287,0.49132383
V2A,5,2018-02-28,2023-02-28,0.04302661,-0.13490287,0.53485832
V2A,5,2018-04-02,2023-03-31,0.05294614,-0.13490287,0.64080163
V2A,5,2018-05-02,2023-04-28,0.05221834,-0.13490287,0.62949145
V2A,5,2018-05-31,2023-05-31,0.05116092,-0.13490287,0.61287205
V2A,5,2018-07-02,2023-06-30,0.05554513,-0.13490287,0.66024936
V2A,5,2018-07-31,2023-07-31,0.05462972,-0.13490287,0.64932869
V2A,5,2018-08-31,2023-08-31,0.04724579,-0.13490287,0.56548049
V2A,5,2018-09-28,2023-09-28,0.04146703,-0.13490287,0.50232694
V2A,5,2018-10-31,2023-10-31,0.04450585,-0.13490287,0.53673422
V2A,5,2018-11-30,2023-11-30,0.04745023,-0.13490287,0.56952444
V2A,5,2019-01-02,2023-12-29,0.05683335,-0.13490287,0.67018370
V2A,5,2019-01-31,2024-01-31,0.06025511,-0.13490287,0.69892664
V2A,5,2019-02-28,2024-02-29,0.06536862,-0.13490287,0.75070677
V2A,5,2019-03-29,2024-03-29,0.06783664,-0.13490287,0.78035354
V2A,5,2019-04-30,2024-04-30,0.06317789,-0.13490287,0.73025938
V2A,5,2019-05-31,2024-05-31,0.07454367,-0.13490287,0.85574319
V2A,5,2019-06-28,2024-06-28,0.06959980,-0.13490287,0.80478988
V2A,5,2019-07-31,2024-07-31,0.06779829,-0.13490287,0.78051967
V2A,5,2019-08-30,2024-08-30,0.06811431,-0.13490287,0.76984688
V2A,5,2019-09-30,2024-09-30,0.07268833,-0.13490287,0.81214164
V2A,5,2019-10-31,2024-10-31,0.06658601,-0.13490287,0.74436667
V2A,5,2019-11-29,2024-11-29,0.06595747,-0.13490287,0.73498559
V2A,5,2019-12-31,2024-12-31,0.06322162,-0.13490287,0.70553591
V2A,5,2020-02-03,2025-01-27,0.07416746,-0.13490287,0.81839539
V2A,5,2020-02-28,2025-02-28,0.07039460,-0.10299263,0.80048237
V2A,5,2020-03-31,2025-03-31,0.08099645,-0.08523851,0.94912529
V2A,5,2020-04-30,2025-04-30,0.07069982,-0.08523851,0.81251885
V2A,5,2020-06-01,2025-05-30,0.07370839,-0.08523851,0.84248154
V2A,5,2020-06-30,2025-06-30,0.07894905,-0.08523851,0.90013548
V2A,5,2020-07-31,2025-07-31,0.07082449,-0.08523851,0.83018226
V2A,5,2020-08-31,2025-08-29,0.06617231,-0.08523851,0.78347224
V2A,5,2020-09-30,2025-09-30,0.08713622,-0.08375934,1.03955043
V2A,5,2020-11-02,2025-10-31,0.10192410,-0.08375934,1.18006524
V2A,5,2020-11-30,2025-11-28,0.09299754,-0.08375934,1.06462430
V2A,5,2020-12-31,2025-12-31,0.09210323,-0.08375934,1.04981632
V2A,5,2021-02-01,2026-01-30,0.10319056,-0.08375934,1.15549503
V2A,5,2021-03-01,2026-02-27,0.10078799,-0.08375934,1.10427829
V2A,5,2021-03-31,2026-03-31,0.07901131,-0.13106183,0.85149394
V2A,5,2021-04-30,2026-04-30,0.08390588,-0.13106183,0.88961495
V2A,5,2021-05-31,2026-05-29,0.09091009,-0.13106183,0.95240889
V2A,5,2021-06-30,2026-06-30,0.08897320,-0.13106183,0.91374444
V2A,5,2021-08-02,2026-07-31,0.08015570,-0.13106183,0.81993149
V2A,5,2021-08-31,2026-08-31,0.08082021,-0.13106183,0.82536588
V2B,3,2013-07-01,2016-06-30,0.05298938,-0.22461149,0.47424473
V2B,3,2013-07-29,2016-07-29,0.07050263,-0.22461149,0.60425839
V2B,3,2013-09-02,2016-08-31,0.07834210,-0.22461149,0.66121418
V2B,3,2013-09-30,2016-09-30,0.07922450,-0.22461149,0.66221962
V2B,3,2013-10-31,2016-10-31,0.09023485,-0.22461149,0.74902523
V2B,3,2013-12-02,2016-11-30,0.09727822,-0.22461149,0.79621949
V2B,3,2013-12-30,2016-12-30,0.10724788,-0.22461149,0.86644164
V2B,3,2014-01-27,2017-01-26,0.11894064,-0.22461149,0.95059275
V2B,3,2014-02-28,2017-02-28,0.12420552,-0.22461149,0.99164294
V2B,3,2014-03-31,2017-03-31,0.13757640,-0.22461149,1.08253325
V2B,3,2014-04-28,2017-04-28,0.14442803,-0.22461149,1.13335214
V2B,3,2014-06-03,2017-05-31,0.13232133,-0.22461149,1.04788210
V2B,3,2014-06-30,2017-06-30,0.12923897,-0.22461149,1.02457623
V2B,3,2014-07-31,2017-07-31,0.12413987,-0.22461149,0.99062170
V2B,3,2014-09-01,2017-08-31,0.12010149,-0.22461149,0.96061510
V2B,3,2014-09-29,2017-09-29,0.12163010,-0.22461149,0.97628758
V2B,3,2014-10-31,2017-10-31,0.12126771,-0.22461149,0.98068676
V2B,3,2014-12-01,2017-11-30,0.10821941,-0.22461149,0.88699596
V2B,3,2014-12-29,2017-12-29,0.09301771,-0.22461149,0.78612252
V2B,3,2015-02-02,2018-01-31,0.10360011,-0.22461149,0.87842272
V2B,3,2015-03-02,2018-02-28,0.07731227,-0.22461149,0.66788905
V2B,3,2015-03-30,2018-03-30,0.05159095,-0.22461149,0.47157929
V2B,3,2015-04-27,2018-04-27,0.02471714,-0.22461149,0.26653756
V2B,3,2015-06-01,2018-05-31,0.00801963,-0.22461149,0.12927140
V2B,3,2015-06-29,2018-06-29,0.04658628,-0.14430679,0.47890806
V2B,3,2015-07-31,2018-07-31,0.06133225,-0.11855366,0.77897804
V2B,3,2015-08-31,2018-08-31,0.08189671,-0.08265684,1.17699064
V2B,3,2015-09-28,2018-09-28,0.08949266,-0.08265684,1.28874486
V2B,3,2015-11-02,2018-10-31,0.07686323,-0.08265684,1.11133217
V2B,3,2015-11-30,2018-11-30,0.07684727,-0.08265684,1.10800685
V2B,3,2015-12-28,2018-12-28,0.06841835,-0.08265684,0.98232527
V2B,3,2016-02-01,2019-01-31,0.07496975,-0.08265684,1.07981054
V2B,3,2016-02-29,2019-02-28,0.06929938,-0.08265684,1.00473625
V2B,3,2016-03-29,2019-03-29,0.07377462,-0.08265684,1.04228748
V2B,3,2016-05-03,2019-04-30,0.07682786,-0.08265684,1.06783146
V2B,3,2016-05-31,2019-05-31,0.06131418,-0.08265684,0.83668257
V2B,3,2016-06-28,2019-06-28,0.07408004,-0.08265684,0.98652802
V2B,3,2016-08-01,2019-07-31,0.05925438,-0.08265684,0.79058748
V2B,3,2016-08-30,2019-08-30,0.05700562,-0.08265684,0.75031031
V2B,3,2016-09-30,2019-09-30,0.05697916,-0.08265684,0.76437778
V2B,3,2016-10-31,2019-10-31,0.05783940,-0.08265684,0.77448845
V2B,3,2016-11-29,2019-11-29,0.05291355,-0.08265684,0.72597551
V2B,3,2017-01-03,2019-12-31,0.07069737,-0.08265684,0.97611728
V2B,3,2017-01-23,2020-01-23,0.07255424,-0.08265684,0.98914331
V2B,3,2017-02-28,2020-02-28,0.05543622,-0.08265684,0.69815433
V2B,3,2017-03-31,2020-03-31,0.03223376,-0.13691659,0.40283427
V2B,3,2017-05-02,2020-04-30,0.04784650,-0.13691659,0.56889260
V2B,3,2017-05-31,2020-05-29,0.04009995,-0.13691659,0.48715645
V2B,3,2017-06-30,2020-06-30,0.04452343,-0.13691659,0.53302085
V2B,3,2017-07-31,2020-07-31,0.05938776,-0.13691659,0.66926083
V2B,3,2017-08-31,2020-08-31,0.07635571,-0.13691659,0.83278357
V2B,3,2017-10-09,2020-09-30,0.05206260,-0.13691659,0.55902311
V2B,3,2017-10-30,2020-10-30,0.04003742,-0.13691659,0.44261014
V2B,3,2017-11-30,2020-11-30,0.04925814,-0.13691659,0.53063187
V2B,3,2018-01-02,2020-12-31,0.05295431,-0.13691659,0.56459075
V2B,3,2018-01-29,2021-01-29,0.04013978,-0.13691659,0.43852392
V2B,3,2018-02-26,2021-02-26,0.05978311,-0.13691659,0.62798791
V2B,3,2018-04-02,2021-03-31,0.07113271,-0.13691659,0.72768297
V2B,3,2018-05-02,2021-04-30,0.07687732,-0.13691659,0.77498226
V2B,3,2018-05-31,2021-05-31,0.07560791,-0.13691659,0.76008198
V2B,3,2018-07-02,2021-06-30,0.07663354,-0.13691659,0.76825656
V2B,3,2018-07-30,2021-07-30,0.06233577,-0.13691659,0.63602126
V2B,3,2018-08-31,2021-08-31,0.07064001,-0.13691659,0.71261453
V2B,3,2018-10-08,2021-09-30,0.06607483,-0.13691659,0.66655275
V2B,3,2018-10-29,2021-10-29,0.07334188,-0.13691659,0.73796003
V2B,3,2018-11-30,2021-11-30,0.07569418,-0.13691659,0.76164237
V2B,3,2019-01-02,2021-12-31,0.08733739,-0.13691659,0.86611851
V2B,3,2019-01-28,2022-01-28,0.07510647,-0.13691659,0.75336335
V2B,3,2019-02-28,2022-02-28,0.07730078,-0.13691659,0.77300004
V2B,3,2019-04-01,2022-03-31,0.06909865,-0.13691659,0.70213454
V2B,3,2019-04-29,2022-04-29,0.06905779,-0.13691659,0.70411044
V2B,3,2019-05-31,2022-05-31,0.08318841,-0.13691659,0.84942891
V2B,3,2019-07-01,2022-06-30,0.06168994,-0.13691659,0.65354137
V2B,3,2019-07-29,2022-07-29,0.06190608,-0.13691659,0.66146974
V2B,3,2019-09-02,2022-08-31,0.06266984,-0.13691659,0.67745533
V2B,3,2019-09-30,2022-09-30,0.06074011,-0.13691659,0.66186689
V2B,3,2019-10-31,2022-10-31,0.05697678,-0.13691659,0.62767272
V2B,3,2019-12-02,2022-11-30,0.05091133,-0.13691659,0.56767594
V2B,3,2019-12-30,2022-12-30,0.03716098,-0.13691659,0.42886618
V2B,3,2020-02-03,2023-01-31,0.05468359,-0.13691659,0.61916521
V2B,3,2020-02-28,2023-02-28,0.04246107,-0.10299064,0.51666345
V2B,3,2020-03-31,2023-03-31,0.06726141,-0.08931230,0.83280942
V2B,3,2020-04-28,2023-04-28,0.05556247,-0.08931230,0.69825698
V2B,3,2020-06-01,2023-05-31,0.05547653,-0.08931230,0.68537965
V2B,3,2020-06-30,2023-06-30,0.06491329,-0.08931230,0.79522281
V2B,3,2020-07-31,2023-07-31,0.05038126,-0.08931230,0.65330781
V2B,3,2020-08-31,2023-08-31,0.02255108,-0.08931230,0.31879565
V2B,3,2020-09-28,2023-09-28,0.03182265,-0.06196152,0.46106386
V2B,3,2020-11-02,2023-10-31,0.03727587,-0.06366048,0.54203040
V2B,3,2020-11-30,2023-11-30,0.03423163,-0.06366048,0.50728866
V2B,3,2020-12-29,2023-12-29,0.03922586,-0.06366048,0.57565522
V2B,3,2021-02-01,2024-01-31,0.04247458,-0.06366048,0.61944616
V2B,3,2021-03-01,2024-02-29,0.04194643,-0.06366048,0.63671087
V2B,3,2021-03-29,2024-03-29,0.05649224,-0.06366048,0.87166767
V2B,3,2021-04-30,2024-04-30,0.04359113,-0.06366048,0.67970009
V2B,3,2021-05-31,2024-05-31,0.04537009,-0.06366048,0.70497146
V2B,3,2021-06-28,2024-06-28,0.04602346,-0.06366048,0.71254418
V2B,3,2021-08-02,2024-07-31,0.04651687,-0.06366048,0.70137457
V2B,3,2021-08-30,2024-08-30,0.04376204,-0.08375960,0.61925169
V2B,3,2021-09-30,2024-09-30,0.05702635,-0.08375960,0.77619764
V2B,3,2021-11-01,2024-10-31,0.04974483,-0.08375960,0.67061015
V2B,3,2021-11-29,2024-11-29,0.04959615,-0.08375960,0.66164346
V2B,3,2021-12-31,2024-12-31,0.04927303,-0.08375960,0.65676589
V2B,3,2022-01-27,2025-01-27,0.06827406,-0.08375960,0.86924801
V2B,3,2022-02-28,2025-02-28,0.06594756,-0.08375960,0.82597841
V2B,3,2022-03-31,2025-03-31,0.06324811,-0.08375960,0.78960208
V2B,3,2022-05-05,2025-04-30,0.06362498,-0.08375960,0.74453711
V2B,3,2022-05-30,2025-05-30,0.06787894,-0.08375960,0.78765831
V2B,3,2022-06-30,2025-06-30,0.08322064,-0.08375960,0.94556053
V2B,3,2022-08-01,2025-07-31,0.09016825,-0.08375960,1.00987439
V2B,3,2022-08-29,2025-08-29,0.10043548,-0.08375960,1.10306165
V2B,3,2022-09-30,2025-09-30,0.12021386,-0.08375960,1.28893907
V2B,3,2022-10-31,2025-10-31,0.13422965,-0.08375960,1.37400330
V2B,3,2022-11-28,2025-11-28,0.12815516,-0.08375960,1.27514588
V2B,3,2023-01-03,2025-12-31,0.14301737,-0.08375960,1.39579865
V2B,3,2023-01-30,2026-01-30,0.15581593,-0.08375960,1.46638811
V2B,3,2023-02-27,2026-02-27,0.17047762,-0.08375960,1.51974617
V2B,3,2023-03-31,2026-03-31,0.11882463,-0.13406587,1.04861367
V2B,3,2023-05-04,2026-04-30,0.13474513,-0.13406587,1.15385039
V2B,3,2023-05-29,2026-05-29,0.14370574,-0.13406587,1.22533050
V2B,3,2023-06-30,2026-06-30,0.13625961,-0.13406587,1.13669476
V2B,3,2023-07-31,2026-07-31,0.11330195,-0.13406587,0.94753252
V2B,3,2023-08-31,2026-08-31,0.13068028,-0.13406587,1.08341241
V2B,5,2013-07-01,2018-06-29,0.07066383,-0.22461149,0.68127172
V2B,5,2013-07-31,2018-07-31,0.07587857,-0.22461149,0.72584030
V2B,5,2013-09-02,2018-08-31,0.08055332,-0.22461149,0.76321255
V2B,5,2013-09-30,2018-09-28,0.08045214,-0.22461149,0.76162799
V2B,5,2013-10-31,2018-10-31,0.07957035,-0.22461149,0.75948966
V2B,5,2013-12-02,2018-11-30,0.07971143,-0.22461149,0.76124531
V2B,5,2013-12-30,2018-12-28,0.08612527,-0.22461149,0.81855164
V2B,5,2014-02-07,2019-01-31,0.09260637,-0.22461149,0.87531952
V2B,5,2014-02-28,2019-02-28,0.09087016,-0.22461149,0.86588183
V2B,5,2014-03-31,2019-03-29,0.09904913,-0.22461149,0.93540045
V2B,5,2014-04-30,2019-04-30,0.10310735,-0.22461149,0.97179331
V2B,5,2014-06-03,2019-05-31,0.08599581,-0.22461149,0.81741771
V2B,5,2014-06-30,2019-06-28,0.09285604,-0.22461149,0.87262923
V2B,5,2014-07-31,2019-07-31,0.08773587,-0.22461149,0.82710617
V2B,5,2014-09-01,2019-08-30,0.08502193,-0.22461149,0.80079192
V2B,5,2014-09-30,2019-09-30,0.08397601,-0.22461149,0.79500412
V2B,5,2014-10-31,2019-10-31,0.08393678,-0.22461149,0.79757363
V2B,5,2014-12-01,2019-11-29,0.07846553,-0.22461149,0.75251115
V2B,5,2014-12-31,2019-12-31,0.07355937,-0.22461149,0.72021730
V2B,5,2015-01-23,2020-01-23,0.06962791,-0.22461149,0.69177429
V2B,5,2015-03-02,2020-02-28,0.06233551,-0.22461149,0.61066038
V2B,5,2015-03-31,2020-03-31,0.04193734,-0.22461149,0.42398436
V2B,5,2015-04-30,2020-04-30,0.03469760,-0.22461149,0.36760388
V2B,5,2015-05-29,2020-05-29,0.02487969,-0.22461149,0.28509926
V2B,5,2015-06-30,2020-06-30,0.03675041,-0.13691659,0.40684516
V2B,5,2015-07-31,2020-07-31,0.06024910,-0.13691659,0.70358360
V2B,5,2015-08-31,2020-08-31,0.08229951,-0.13691659,0.98944259
V2B,5,2015-09-30,2020-09-30,0.07652877,-0.13691659,0.89275618
V2B,5,2015-10-30,2020-10-30,0.06679149,-0.13691659,0.78284283
V2B,5,2015-11-30,2020-11-30,0.07210889,-0.13691659,0.83644951
V2B,5,2015-12-31,2020-12-31,0.07352982,-0.13691659,0.84898248
V2B,5,2016-01-29,2021-01-29,0.07852070,-0.13691659,0.89274341
V2B,5,2016-02-26,2021-02-26,0.07908384,-0.13691659,0.88419587
V2B,5,2016-03-31,2021-03-31,0.07736965,-0.13691659,0.85354037
V2B,5,2016-05-03,2021-04-30,0.08212791,-0.13691659,0.89643704
V2B,5,2016-05-31,2021-05-31,0.08312999,-0.13691659,0.90300799
V2B,5,2016-06-30,2021-06-30,0.08404782,-0.13691659,0.91006702
V2B,5,2016-08-01,2021-07-30,0.07238262,-0.13691659,0.79134872
V2B,5,2016-08-31,2021-08-31,0.07591185,-0.13691659,0.82600160
V2B,5,2016-09-30,2021-09-30,0.07136497,-0.13691659,0.78801327
V2B,5,2016-10-31,2021-10-29,0.06909000,-0.13691659,0.76487271
V2B,5,2016-11-30,2021-11-30,0.06693196,-0.13691659,0.74938492
V2B,5,2017-01-03,2021-12-31,0.07508771,-0.13691659,0.83841668
V2B,5,2017-02-03,2022-01-28,0.06588590,-0.13691659,0.74239572
V2B,5,2017-02-28,2022-02-28,0.06331947,-0.13691659,0.71866293
V2B,5,2017-03-31,2022-03-31,0.06133196,-0.13691659,0.70216392
V2B,5,2017-05-02,2022-04-29,0.06119119,-0.13691659,0.70083594
V2B,5,2017-05-31,2022-05-31,0.05753396,-0.13691659,0.66578124
V2B,5,2017-06-30,2022-06-30,0.05502307,-0.13691659,0.64107124
V2B,5,2017-07-31,2022-07-29,0.05181333,-0.13691659,0.60768678
V2B,5,2017-08-31,2022-08-31,0.05196948,-0.13691659,0.61248024
V2B,5,2017-10-09,2022-09-30,0.04714941,-0.13691659,0.55973475
V2B,5,2017-10-31,2022-10-31,0.04619350,-0.13691659,0.55210569
V2B,5,2017-11-30,2022-11-30,0.04553390,-0.13691659,0.54690915
V2B,5,2018-01-02,2022-12-30,0.04002443,-0.13691659,0.48695142
V2B,5,2018-01-31,2023-01-31,0.03841174,-0.13691659,0.47199420
V2B,5,2018-02-28,2023-02-28,0.04158849,-0.13691659,0.51576114
V2B,5,2018-04-02,2023-03-31,0.05148259,-0.13691659,0.62098979
V2B,5,2018-05-02,2023-04-28,0.05083558,-0.13691659,0.61080785
V2B,5,2018-05-31,2023-05-31,0.05022927,-0.13691659,0.59910278
V2B,5,2018-07-02,2023-06-30,0.05458814,-0.13691659,0.64590155
V2B,5,2018-07-31,2023-07-31,0.05367460,-0.13691659,0.63511749
V2B,5,2018-08-31,2023-08-31,0.04629736,-0.13691659,0.55202490
V2B,5,2018-09-28,2023-09-28,0.04052383,-0.13691659,0.48935105
V2B,5,2018-10-31,2023-10-31,0.04350768,-0.13691659,0.52283621
V2B,5,2018-11-30,2023-11-30,0.04645807,-0.13691659,0.55544155
V2B,5,2019-01-02,2023-12-29,0.05598125,-0.13691659,0.65704679
V2B,5,2019-01-31,2024-01-31,0.05940213,-0.13691659,0.68584944
V2B,5,2019-02-28,2024-02-29,0.06466654,-0.13691659,0.73880070
V2B,5,2019-03-29,2024-03-29,0.06702905,-0.13691659,0.76689276
V2B,5,2019-04-30,2024-04-30,0.06195442,-0.13691659,0.71237896
V2B,5,2019-05-31,2024-05-31,0.07332718,-0.13691659,0.83682241
V2B,5,2019-06-28,2024-06-28,0.06849535,-0.13691659,0.78736016
V2B,5,2019-07-31,2024-07-31,0.06669000,-0.13691659,0.76340893
V2B,5,2019-08-30,2024-08-30,0.06678187,-0.13691659,0.75085587
V2B,5,2019-09-30,2024-09-30,0.07138574,-0.13691659,0.79332569
V2B,5,2019-10-31,2024-10-31,0.06523709,-0.13691659,0.72577034
V2B,5,2019-11-29,2024-11-29,0.06480972,-0.13691659,0.71884405
V2B,5,2019-12-31,2024-12-31,0.06212109,-0.13691659,0.69017364
V2B,5,2020-02-03,2025-01-27,0.07301557,-0.13691659,0.80163707
V2B,5,2020-02-28,2025-02-28,0.06965526,-0.10299064,0.78732775
V2B,5,2020-03-31,2025-03-31,0.08035875,-0.08931230,0.93469115
V2B,5,2020-04-30,2025-04-30,0.07006818,-0.08931230,0.79998485
V2B,5,2020-06-01,2025-05-30,0.07307428,-0.08931230,0.82971434
V2B,5,2020-06-30,2025-06-30,0.07831255,-0.08931230,0.88682534
V2B,5,2020-07-31,2025-07-31,0.07019278,-0.08931230,0.81705400
V2B,5,2020-08-31,2025-08-29,0.06591650,-0.08931230,0.77467980
V2B,5,2020-09-30,2025-09-30,0.08737729,-0.08375960,1.03802131
V2B,5,2020-11-02,2025-10-31,0.10218581,-0.08375960,1.17874146
V2B,5,2020-11-30,2025-11-28,0.09302975,-0.08375960,1.06072135
V2B,5,2020-12-31,2025-12-31,0.09201173,-0.08375960,1.04472399
V2B,5,2021-02-01,2026-01-30,0.10360704,-0.08375960,1.15452725
V2B,5,2021-03-01,2026-02-27,0.10132047,-0.08375960,1.10253382
V2B,5,2021-03-31,2026-03-31,0.07935990,-0.13406587,0.84877052
V2B,5,2021-04-30,2026-04-30,0.08423989,-0.13406587,0.88660764
V2B,5,2021-05-31,2026-05-29,0.09124649,-0.13406587,0.94895014
V2B,5,2021-06-30,2026-06-30,0.08929035,-0.13406587,0.90946209
V2B,5,2021-08-02,2026-07-31,0.08046618,-0.13406587,0.81665117
V2B,5,2021-08-31,2026-08-31,0.08113052,-0.13406587,0.82206078
