signal_date,eligible_sector_count,positive_sector_count,negative_sector_count,unavailable_sector_count,breadth,regime,target_changed,execution_date
2011-02-28,0,0,0,11,,UNAVAILABLE,True,2011-03-01
2011-03-31,0,0,0,11,,UNAVAILABLE,False,
2011-04-29,0,0,0,11,,UNAVAILABLE,False,
2011-05-31,0,0,0,11,,UNAVAILABLE,False,
2011-06-30,0,0,0,11,,UNAVAILABLE,False,
2011-07-29,0,0,0,11,,UNAVAILABLE,False,
2011-08-31,1,0,1,10,0.0,UNAVAILABLE,False,
2011-09-30,1,0,1,10,0.0,UNAVAILABLE,False,
2011-10-31,1,0,1,10,0.0,UNAVAILABLE,False,
2011-11-30,1,0,1,10,0.0,UNAVAILABLE,False,
2011-12-30,1,0,1,10,0.0,UNAVAILABLE,False,
2012-01-31,1,0,1,10,0.0,UNAVAILABLE,False,
2012-02-29,1,0,1,10,0.0,UNAVAILABLE,False,
2012-03-30,1,0,1,10,0.0,UNAVAILABLE,False,
2012-04-27,1,0,1,10,0.0,UNAVAILABLE,False,
2012-05-31,1,0,1,10,0.0,UNAVAILABLE,False,
2012-06-29,1,1,0,10,1.0,UNAVAILABLE,False,
2012-07-31,1,1,0,10,1.0,UNAVAILABLE,False,
2012-08-31,1,0,1,10,0.0,UNAVAILABLE,False,
2012-09-28,1,1,0,10,1.0,UNAVAILABLE,False,
2012-10-31,1,0,1,10,0.0,UNAVAILABLE,False,
2012-11-30,1,0,1,10,0.0,UNAVAILABLE,False,
2012-12-31,1,0,1,10,0.0,UNAVAILABLE,False,
2013-01-31,1,1,0,10,1.0,UNAVAILABLE,False,
2013-02-28,1,1,0,10,1.0,UNAVAILABLE,False,
2013-03-29,1,1,0,10,1.0,UNAVAILABLE,False,
2013-04-26,1,1,0,10,1.0,UNAVAILABLE,False,
2013-05-31,1,1,0,10,1.0,UNAVAILABLE,False,
2013-06-28,1,1,0,10,1.0,UNAVAILABLE,False,
2013-07-31,1,1,0,10,1.0,UNAVAILABLE,False,
2013-08-30,1,1,0,10,1.0,UNAVAILABLE,False,
2013-09-30,1,1,0,10,1.0,UNAVAILABLE,False,
2013-10-31,1,1,0,10,1.0,UNAVAILABLE,False,
2013-11-29,2,1,1,9,0.5,UNAVAILABLE,False,
2013-12-31,2,2,0,9,1.0,UNAVAILABLE,False,
2014-01-30,2,1,1,9,0.5,UNAVAILABLE,False,
2014-02-28,2,0,2,9,0.0,UNAVAILABLE,False,
2014-03-31,2,0,2,9,0.0,UNAVAILABLE,False,
2014-04-30,2,0,2,9,0.0,UNAVAILABLE,False,
2014-05-30,2,0,2,9,0.0,UNAVAILABLE,False,
2014-06-30,2,0,2,9,0.0,UNAVAILABLE,False,
2014-07-31,2,2,0,9,1.0,UNAVAILABLE,False,
2014-08-29,2,2,0,9,1.0,UNAVAILABLE,False,
2014-09-30,2,2,0,9,1.0,UNAVAILABLE,False,
2014-10-31,2,2,0,9,1.0,UNAVAILABLE,False,
2014-11-28,2,2,0,9,1.0,UNAVAILABLE,False,
2014-12-31,2,2,0,9,1.0,UNAVAILABLE,False,
2015-01-30,2,2,0,9,1.0,UNAVAILABLE,False,
2015-02-27,2,2,0,9,1.0,UNAVAILABLE,False,
2015-03-31,2,2,0,9,1.0,UNAVAILABLE,False,
2015-04-30,2,2,0,9,1.0,UNAVAILABLE,False,
2015-05-29,2,2,0,9,1.0,UNAVAILABLE,False,
2015-06-30,2,2,0,9,1.0,UNAVAILABLE,False,
2015-07-31,2,2,0,9,1.0,UNAVAILABLE,False,
2015-08-31,2,2,0,9,1.0,UNAVAILABLE,False,
2015-09-30,2,0,2,9,0.0,UNAVAILABLE,False,
2015-10-30,2,0,2,9,0.0,UNAVAILABLE,False,
2015-11-30,2,0,2,9,0.0,UNAVAILABLE,False,
2015-12-31,2,2,0,9,1.0,UNAVAILABLE,False,
2016-01-29,2,0,2,9,0.0,UNAVAILABLE,False,
2016-02-29,2,0,2,9,0.0,UNAVAILABLE,False,
2016-03-31,2,1,1,9,0.5,UNAVAILABLE,False,
2016-04-29,2,0,2,9,0.0,UNAVAILABLE,False,
2016-05-31,2,0,2,9,0.0,UNAVAILABLE,False,
2016-06-30,2,0,2,9,0.0,UNAVAILABLE,False,
2016-07-29,2,2,0,9,1.0,UNAVAILABLE,False,
2016-08-31,2,2,0,9,1.0,UNAVAILABLE,False,
2016-09-30,2,2,0,9,1.0,UNAVAILABLE,False,
2016-10-31,2,2,0,9,1.0,UNAVAILABLE,False,
2016-11-30,2,2,0,9,1.0,UNAVAILABLE,False,
2016-12-30,2,2,0,9,1.0,UNAVAILABLE,False,
2017-01-26,2,2,0,9,1.0,UNAVAILABLE,False,
2017-02-28,3,3,0,8,1.0,UNAVAILABLE,False,
2017-03-31,4,3,1,7,0.75,UNAVAILABLE,False,
2017-04-28,4,2,2,7,0.5,UNAVAILABLE,False,
2017-05-31,4,2,2,7,0.5,UNAVAILABLE,False,
2017-06-30,4,2,2,7,0.5,UNAVAILABLE,False,
2017-07-31,4,3,1,7,0.75,UNAVAILABLE,False,
2017-08-31,4,3,1,7,0.75,UNAVAILABLE,False,
2017-09-29,4,3,1,7,0.75,UNAVAILABLE,False,
2017-10-31,4,3,1,7,0.75,UNAVAILABLE,False,
2017-11-30,4,3,1,7,0.75,UNAVAILABLE,False,
2017-12-29,4,2,2,7,0.5,UNAVAILABLE,False,
2018-01-31,5,3,2,6,0.6,UNAVAILABLE,False,
2018-02-28,5,3,2,6,0.6,UNAVAILABLE,False,
2018-03-30,7,4,3,4,0.5714285714285714,UNAVAILABLE,False,
2018-04-27,7,2,5,4,0.2857142857142857,UNAVAILABLE,False,
2018-05-31,7,2,5,4,0.2857142857142857,UNAVAILABLE,False,
2018-06-29,7,2,5,4,0.2857142857142857,UNAVAILABLE,False,
2018-07-31,8,1,7,3,0.125,RISK_OFF,False,
2018-08-31,8,0,8,3,0.0,RISK_OFF,False,
2018-09-28,8,1,7,3,0.125,RISK_OFF,False,
2018-10-31,8,1,7,3,0.125,RISK_OFF,False,
2018-11-30,8,1,7,3,0.125,RISK_OFF,False,
2018-12-28,8,1,7,3,0.125,RISK_OFF,False,
2019-01-31,8,3,5,3,0.375,RISK_OFF,False,
2019-02-28,8,5,3,3,0.625,RISK_ON,True,2019-03-01
2019-03-29,8,8,0,3,1.0,RISK_ON,False,
2019-04-30,8,8,0,3,1.0,RISK_ON,False,
2019-05-31,8,7,1,3,0.875,RISK_ON,False,
2019-06-28,8,8,0,3,1.0,RISK_ON,False,
2019-07-31,8,8,0,3,1.0,RISK_ON,False,
2019-08-30,8,4,4,3,0.5,RISK_OFF,True,2019-09-02
2019-09-30,8,2,6,3,0.25,RISK_OFF,False,
2019-10-31,8,5,3,3,0.625,RISK_ON,True,2019-11-01
2019-11-29,8,5,3,3,0.625,RISK_ON,False,
2019-12-31,8,8,0,3,1.0,RISK_ON,False,
2020-01-23,8,7,1,3,0.875,RISK_ON,False,
2020-02-28,8,8,0,3,1.0,RISK_ON,False,
2020-03-31,8,3,5,3,0.375,RISK_OFF,True,2020-04-01
2020-04-30,8,6,2,3,0.75,RISK_ON,True,2020-05-06
2020-05-29,8,6,2,3,0.75,RISK_ON,False,
2020-06-30,8,5,3,3,0.625,RISK_ON,False,
2020-07-31,8,8,0,3,1.0,RISK_ON,False,
2020-08-31,10,10,0,1,1.0,RISK_ON,True,2020-09-01
2020-09-30,11,11,0,0,1.0,RISK_ON,True,2020-10-09
2020-10-30,11,11,0,0,1.0,RISK_ON,False,
2020-11-30,11,11,0,0,1.0,RISK_ON,False,
2020-12-31,11,7,4,0,0.6363636363636364,RISK_ON,False,
2021-01-29,11,7,4,0,0.6363636363636364,RISK_ON,False,
2021-02-26,11,7,4,0,0.6363636363636364,RISK_ON,False,
2021-03-31,11,6,5,0,0.5454545454545454,RISK_ON,False,
2021-04-30,11,6,5,0,0.5454545454545454,RISK_ON,False,
2021-05-31,11,8,3,0,0.7272727272727273,RISK_ON,False,
2021-06-30,11,7,4,0,0.6363636363636364,RISK_ON,False,
2021-07-30,11,6,5,0,0.5454545454545454,RISK_ON,False,
2021-08-31,11,7,4,0,0.6363636363636364,RISK_ON,False,
2021-09-30,11,7,4,0,0.6363636363636364,RISK_ON,False,
2021-10-29,11,6,5,0,0.5454545454545454,RISK_ON,False,
2021-11-30,11,6,5,0,0.5454545454545454,RISK_ON,False,
2021-12-31,11,8,3,0,0.7272727272727273,RISK_ON,False,
2022-01-28,11,5,6,0,0.45454545454545453,RISK_OFF,True,2022-02-07
2022-02-28,11,4,7,0,0.36363636363636365,RISK_OFF,False,
2022-03-31,11,3,8,0,0.2727272727272727,RISK_OFF,False,
2022-04-29,11,2,9,0,0.18181818181818182,RISK_OFF,False,
2022-05-31,11,1,10,0,0.09090909090909091,RISK_OFF,False,
2022-06-30,11,2,9,0,0.18181818181818182,RISK_OFF,False,
2022-07-29,11,2,9,0,0.18181818181818182,RISK_OFF,False,
2022-08-31,11,2,9,0,0.18181818181818182,RISK_OFF,False,
2022-09-30,11,2,9,0,0.18181818181818182,RISK_OFF,False,
2022-10-31,11,2,9,0,0.18181818181818182,RISK_OFF,False,
2022-11-30,11,2,9,0,0.18181818181818182,RISK_OFF,False,
2022-12-30,11,0,11,0,0.0,RISK_OFF,False,
2023-01-31,11,5,6,0,0.45454545454545453,RISK_OFF,False,
2023-02-28,11,5,6,0,0.45454545454545453,RISK_OFF,False,
2023-03-31,11,8,3,0,0.7272727272727273,RISK_ON,True,2023-04-03
2023-04-28,11,8,3,0,0.7272727272727273,RISK_ON,False,
2023-05-31,11,3,8,0,0.2727272727272727,RISK_OFF,True,2023-06-01
2023-06-30,11,4,7,0,0.36363636363636365,RISK_OFF,False,
2023-07-31,11,4,7,0,0.36363636363636365,RISK_OFF,False,
2023-08-31,11,4,7,0,0.36363636363636365,RISK_OFF,False,
2023-09-28,11,3,8,0,0.2727272727272727,RISK_OFF,False,
2023-10-31,11,2,9,0,0.18181818181818182,RISK_OFF,False,
2023-11-30,11,2,9,0,0.18181818181818182,RISK_OFF,False,
2023-12-29,11,2,9,0,0.18181818181818182,RISK_OFF,False,
2024-01-31,11,1,10,0,0.09090909090909091,RISK_OFF,False,
2024-02-29,11,2,9,0,0.18181818181818182,RISK_OFF,False,
2024-03-29,11,3,8,0,0.2727272727272727,RISK_OFF,False,
2024-04-30,11,3,8,0,0.2727272727272727,RISK_OFF,False,
2024-05-31,11,3,8,0,0.2727272727272727,RISK_OFF,False,
2024-06-28,11,4,7,0,0.36363636363636365,RISK_OFF,False,
2024-07-31,11,4,7,0,0.36363636363636365,RISK_OFF,False,
2024-08-30,11,1,10,0,0.09090909090909091,RISK_OFF,False,
2024-09-30,11,11,0,0,1.0,RISK_ON,True,2024-10-08
2024-10-31,11,7,4,0,0.6363636363636364,RISK_ON,False,
2024-11-29,11,9,2,0,0.8181818181818182,RISK_ON,False,
2024-12-31,11,9,2,0,0.8181818181818182,RISK_ON,False,
2025-01-27,11,10,1,0,0.9090909090909091,RISK_ON,False,
2025-02-28,11,10,1,0,0.9090909090909091,RISK_ON,False,
2025-03-31,11,9,2,0,0.8181818181818182,RISK_ON,False,
2025-04-30,11,5,6,0,0.45454545454545453,RISK_OFF,True,2025-05-06
2025-05-30,11,5,6,0,0.45454545454545453,RISK_OFF,False,
2025-06-30,11,6,5,0,0.5454545454545454,RISK_ON,True,2025-07-01
2025-07-31,11,11,0,0,1.0,RISK_ON,False,
2025-08-29,11,11,0,0,1.0,RISK_ON,False,
2025-09-30,11,11,0,0,1.0,RISK_ON,False,
2025-10-31,11,11,0,0,1.0,RISK_ON,False,
2025-11-28,11,11,0,0,1.0,RISK_ON,False,
2025-12-31,11,10,1,0,0.9090909090909091,RISK_ON,False,
2026-01-30,11,7,4,0,0.6363636363636364,RISK_ON,False,
2026-02-27,11,6,5,0,0.5454545454545454,RISK_ON,False,
2026-03-31,11,5,6,0,0.45454545454545453,RISK_OFF,True,2026-04-01
2026-04-30,11,5,6,0,0.45454545454545453,RISK_OFF,False,
2026-05-29,11,4,7,0,0.36363636363636365,RISK_OFF,False,
2026-06-30,11,3,8,0,0.2727272727272727,RISK_OFF,False,
2026-07-31,11,4,7,0,0.36363636363636365,RISK_OFF,False,
2026-08-31,11,4,7,0,0.36363636363636365,RISK_OFF,False,
