signal_date,eligible_asset_count,regime,max_target_weight
2012-05-31,0,FALLBACK,0.0
2012-06-29,0,FALLBACK,0.0
2012-07-31,0,FALLBACK,0.0
2012-08-31,1,FALLBACK,0.0
2012-09-28,1,FALLBACK,0.0
2012-10-31,1,FALLBACK,0.0
2012-11-30,1,FALLBACK,0.0
2012-12-31,1,FALLBACK,0.0
2013-01-31,2,FALLBACK,0.0
2013-02-28,2,FALLBACK,0.0
2013-03-29,2,FALLBACK,0.0
2013-04-26,2,FALLBACK,0.0
2013-05-31,2,FALLBACK,0.0
2013-06-28,3,FALLBACK,0.0
2013-07-31,3,FALLBACK,0.0
2013-08-30,4,FALLBACK,0.0
2013-09-30,4,FALLBACK,0.0
2013-10-31,5,FALLBACK,0.0
2013-11-29,5,FALLBACK,0.0
2013-12-31,5,FALLBACK,0.0
2014-01-30,5,FALLBACK,0.0
2014-02-28,5,FALLBACK,0.0
2014-03-31,5,FALLBACK,0.0
2014-04-30,6,RISK,0.22158681406474234
2014-05-30,6,RISK,0.2120197499604621
2014-06-30,6,RISK,0.20624501107708196
2014-07-31,6,RISK,0.23902187925429927
2014-08-29,6,RISK,0.22077402357368386
2014-09-30,6,RISK,0.2175088071535933
2014-10-31,6,RISK,0.24412456275702113
2014-11-28,6,RISK,0.19855203019405993
2014-12-31,7,RISK,0.19453901885076413
2015-01-30,7,RISK,0.20102610239427926
2015-02-27,7,RISK,0.19048159319904256
2015-03-31,7,RISK,0.1868867353425297
2015-04-30,7,RISK,0.21910646652405388
2015-05-29,7,RISK,0.2419935250893159
2015-06-30,7,RISK,0.28021820062747865
2015-07-31,7,RISK,0.276441569870092
2015-08-31,7,RISK,0.2504311429140129
2015-09-30,7,RISK,0.24334605196066322
2015-10-30,7,RISK,0.26114920187970275
2015-11-30,7,RISK,0.24535187812512618
2015-12-31,7,RISK,0.19734591618102362
2016-01-29,7,RISK,0.22667800267612956
2016-02-29,7,RISK,0.20434346467847384
2016-03-31,7,RISK,0.20979385320318691
2016-04-29,7,RISK,0.22232330254163907
2016-05-31,7,RISK,0.20546886506345396
2016-06-30,7,RISK,0.20701919751648482
2016-07-29,7,RISK,0.2179634172146367
2016-08-31,7,RISK,0.22250515568051868
2016-09-30,7,RISK,0.18242848123044253
2016-10-31,7,RISK,0.1632455473008531
2016-11-30,7,RISK,0.1967947624337111
2016-12-30,7,RISK,0.18362128254964089
2017-01-26,7,RISK,0.18838367799282327
2017-02-28,7,RISK,0.2065755249522184
2017-03-31,7,RISK,0.19498335966987412
2017-04-28,7,RISK,0.1909234290910827
2017-05-31,7,RISK,0.20241065587866752
2017-06-30,7,RISK,0.1990236983594067
2017-07-31,7,RISK,0.20406509997754874
2017-08-31,7,RISK,0.24379998020822788
2017-09-29,7,RISK,0.2515519899372308
2017-10-31,7,RISK,0.20517179270662125
2017-11-30,7,RISK,0.20884739609248357
2017-12-29,7,RISK,0.25371256085995336
2018-01-31,7,RISK,0.23358092768138852
2018-02-28,7,RISK,0.27315085339261036
2018-03-30,7,RISK,0.28714190618656965
2018-04-27,7,RISK,0.30681853536658665
2018-05-31,7,RISK,0.29584636169450235
2018-06-29,7,RISK,0.3233250692650643
2018-07-31,7,RISK,0.34904358701134036
2018-08-31,7,RISK,0.3511274404820612
2018-09-28,7,RISK,0.32257705740746867
2018-10-31,7,RISK,0.336964091493443
2018-11-30,7,RISK,0.3573083760572494
2018-12-28,7,RISK,0.37198935112238574
2019-01-31,7,RISK,0.31986343023640157
2019-02-28,7,RISK,0.31744210788250043
2019-03-29,7,RISK,0.25497309902048
2019-04-30,7,RISK,0.22822356105010402
2019-05-31,7,RISK,0.24186999223845518
2019-06-28,7,RISK,0.19453204319000292
2019-07-31,7,RISK,0.18723093438544286
2019-08-30,7,RISK,0.2087376080493482
2019-09-30,8,RISK,0.2054885630700049
2019-10-31,8,RISK,0.21061161838257164
2019-11-29,8,RISK,0.17902681219659433
2019-12-31,8,RISK,0.17925185101616678
2020-01-23,8,RISK,0.19382304504919012
2020-02-28,8,RISK,0.22594987442350728
2020-03-31,9,RISK,0.14017772373756662
2020-04-30,9,RISK,0.14060232151408775
2020-05-29,9,RISK,0.15079335808406175
2020-06-30,9,RISK,0.15765772848797602
2020-07-31,9,RISK,0.17884763489264147
2020-08-31,9,RISK,0.15787689530194937
2020-09-30,9,RISK,0.17225692601797085
2020-10-30,9,RISK,0.17652040113901185
2020-11-30,9,RISK,0.1512025568623198
2020-12-31,9,RISK,0.1344004243027561
2021-01-29,9,RISK,0.1387283820489815
2021-02-26,9,RISK,0.1417317000453288
2021-03-31,9,RISK,0.15338500253702697
2021-04-30,9,RISK,0.14586528101145688
2021-05-31,9,RISK,0.15208181299980056
2021-06-30,9,RISK,0.14710689590832662
2021-07-30,9,RISK,0.14086605994728815
2021-08-31,9,RISK,0.15842500888419217
2021-09-30,9,RISK,0.14961941691186387
2021-10-29,9,RISK,0.15002565025721812
2021-11-30,9,RISK,0.14376134501126245
2021-12-31,9,RISK,0.14237763842326437
2022-01-28,9,RISK,0.16151390626762568
2022-02-28,9,RISK,0.16702575203548256
2022-03-31,9,RISK,0.17381308537211004
2022-04-29,9,RISK,0.18258504261645214
2022-05-31,9,RISK,0.19549889280317223
2022-06-30,9,RISK,0.21464335080107108
2022-07-29,9,RISK,0.18881322644890497
2022-08-31,9,RISK,0.19259159127488198
2022-09-30,9,RISK,0.22868536434537814
2022-10-31,9,RISK,0.26289131906502566
2022-11-30,9,RISK,0.23680743169706608
2022-12-30,9,RISK,0.21533123270804228
2023-01-31,9,RISK,0.18964144060109178
2023-02-28,9,RISK,0.1860169682224892
2023-03-31,9,RISK,0.1542947536297442
2023-04-28,9,RISK,0.13733681255933844
2023-05-31,9,RISK,0.15447898548092986
2023-06-30,9,RISK,0.14739148667334645
2023-07-31,9,RISK,0.19035341281667942
2023-08-31,9,RISK,0.23021144318769715
2023-09-28,9,RISK,0.1780655324539333
2023-10-31,9,RISK,0.1657472007990721
2023-11-30,9,RISK,0.1586546032982229
2023-12-29,9,RISK,0.1713283581745563
2024-01-31,9,RISK,0.21267259101908023
2024-02-29,9,RISK,0.21736197883816297
2024-03-29,9,RISK,0.2022060158329498
2024-04-30,9,RISK,0.14399204392333412
2024-05-31,9,RISK,0.15181729370207722
2024-06-28,9,RISK,0.16150865606907472
2024-07-31,9,RISK,0.17529544930983787
2024-08-30,9,RISK,0.18754031127946524
2024-09-30,9,RISK,0.19442241509424724
2024-10-31,9,RISK,0.21741740733891127
2024-11-29,9,RISK,0.1560296472314035
2024-12-31,9,RISK,0.17625956518919078
2025-01-27,9,RISK,0.19864768753299988
2025-02-28,9,RISK,0.2141923581671203
2025-03-31,9,RISK,0.19278957760148585
2025-04-30,9,RISK,0.16470653339517277
2025-05-30,9,RISK,0.16655189650299076
2025-06-30,9,RISK,0.16839275346556978
2025-07-31,9,RISK,0.14841020720203263
2025-08-29,9,RISK,0.16265935482540386
2025-09-30,9,RISK,0.16119405991831287
2025-10-31,9,RISK,0.1525409105548029
2025-11-28,9,RISK,0.16004698152039576
2025-12-31,9,RISK,0.1467969582178283
2026-01-30,9,RISK,0.16122765047845533
2026-02-27,9,RISK,0.16355723769347844
2026-03-31,9,RISK,0.17348613282899272
2026-04-30,9,RISK,0.17008481095892705
2026-05-29,9,RISK,0.15380026526083074
2026-06-30,9,RISK,0.1461278855364027
2026-07-31,9,RISK,0.16130302538986646
2026-08-31,9,RISK,0.18395580110563414
